Fiscal Year,Payroll Number,Agency Name,Agency Start Date,Work Location Borough,Title Description,Leave Status as of June 30,Base Salary,Pay Basis,Regular Hours,Regular Gross Paid,OT Hours,Total OT Paid,Total Other Pay,Hourly Rate,Under Min Wage
2025,67,ADMIN FOR CHILDREN'S SVCS,3/11/2024,BROOKLYN,SPECIAL OFFICER,ACTIVE,39206,per Annum,2080,37617.84,522.25,15266,9459.09,18.09,FALSE
2025,67,ADMIN FOR CHILDREN'S SVCS,5/1/2023,MANHATTAN,SPECIAL OFFICER,ACTIVE,40502,per Annum,1968,36668.19,120.75,3279.62,3657.78,18.63,FALSE
2025,67,ADMIN FOR CHILDREN'S SVCS,10/3/2022,BROOKLYN,SPECIAL OFFICER,ACTIVE,41797,per Annum,2080,39744.15,316.25,9399.21,8878.54,19.11,FALSE
2025,67,ADMIN FOR CHILDREN'S SVCS,6/28/2004,MANHATTAN,COMMUNITY ASSISTANT,ACTIVE,43589,per Annum,1820,42219.99,0,0,1497.01,23.2,FALSE
2025,67,ADMIN FOR CHILDREN'S SVCS,6/23/1996,MANHATTAN,CLERICAL ASSOCIATE MOST MAYORAL AG,ACTIVE,44206,per Annum,1820,42817.43,1,28.14,7005.22,23.53,FALSE
2025,67,ADMIN FOR CHILDREN'S SVCS,11/21/2022,BRONX,INSTITUTIONAL AIDE,ACTIVE,46256,per Annum,1950,42139.11,580.75,17056.04,812.92,21.61,FALSE
2025,67,ADMIN FOR CHILDREN'S SVCS,10/24/2022,MANHATTAN,COMMUNITY ASSOCIATE,ACTIVE,51227,per Annum,1193,27034.59,0,0,0,22.66,FALSE
2025,67,ADMIN FOR CHILDREN'S SVCS,3/12/2018,MANHATTAN,CONGREG CARE SPEC - ACS,ACTIVE,52065,per Annum,1855,51133.69,613.25,22283.89,2705.87,27.57,FALSE
2025,67,ADMIN FOR CHILDREN'S SVCS,12/15/1997,MANHATTAN,CASEWORKER,ACTIVE,55709,per Annum,1820,53965.18,0,0,5054.29,29.65,FALSE
2025,67,ADMIN FOR CHILDREN'S SVCS,11/28/2016,MANHATTAN,SPECIAL OFFICER,ACTIVE,56508,per Annum,2080,54458.39,379,15272.66,7842.19,26.18,FALSE
2025,67,ADMIN FOR CHILDREN'S SVCS,1/29/2024,BRONX,YOUTH DEVELOPMENT SPECIALIST,ACTIVE,57310,per Annum,1820,53279.82,918.75,36705.24,9402.9,29.27,FALSE
2025,67,ADMIN FOR CHILDREN'S SVCS,11/20/2023,BROOKLYN,YOUTH DEVELOPMENT SPECIALIST,ACTIVE,57310,per Annum,1820,55291.84,1025.5,43235.09,10545.18,30.38,FALSE
2025,67,ADMIN FOR CHILDREN'S SVCS,7/5/2022,MANHATTAN,TELECOMMUNICATIONS ASSOCIATE,ACTIVE,57989,per Annum,1820,56197.79,217,8642.59,994.49,30.88,FALSE
2025,67,ADMIN FOR CHILDREN'S SVCS,4/17/2000,MANHATTAN,PRINCIPAL ADMINISTRATIVE ASSOCIATE -  NON SUPVR,ACTIVE,61614,per Annum,1820,60539.07,109.25,4181.32,5066.25,33.26,FALSE
2025,67,ADMIN FOR CHILDREN'S SVCS,9/24/2007,MANHATTAN,SUPERVISING SPECIAL OFFICER,ACTIVE,62894,per Annum,2080,60596.44,196.25,8603.49,3702.55,29.13,FALSE
2025,67,ADMIN FOR CHILDREN'S SVCS,10/11/2005,MANHATTAN,SUPERVISING SPECIAL OFFICER,ACTIVE,62894,per Annum,2080,60596.44,55,2366.48,2268.82,29.13,FALSE
2025,67,ADMIN FOR CHILDREN'S SVCS,6/23/1996,MANHATTAN,CLERICAL ASSOCIATE MOST MAYORAL AG,ACTIVE,62908,per Annum,1820,60942.35,36.25,1376.07,5735.77,33.48,FALSE
2025,67,ADMIN FOR CHILDREN'S SVCS,11/20/2023,MANHATTAN,CHILD PROTECTIVE SPECIALIST,ACTIVE,64059,per Annum,1365,46892.22,91.25,3533.84,72.42,34.35,FALSE
2025,67,ADMIN FOR CHILDREN'S SVCS,11/20/2023,QUEENS,CHILD PROTECTIVE SPECIALIST,ACTIVE,64059,per Annum,1820,62432.27,378.75,16394.24,162.8,34.3,FALSE
2025,67,ADMIN FOR CHILDREN'S SVCS,5/20/2024,BROOKLYN,CHILD PROTECTIVE SPECIALIST,ACTIVE,64059,per Annum,1820,58720.48,48.75,1854.49,172.29,32.26,FALSE
2025,67,ADMIN FOR CHILDREN'S SVCS,3/27/2023,MANHATTAN,CHILD WELFARE SPECIALIST,ACTIVE,64600,per Annum,1820,61457.89,12,538,1073.66,33.77,FALSE
2025,67,ADMIN FOR CHILDREN'S SVCS,6/23/1996,MANHATTAN,CHILD WELFARE SPECIALIST,ACTIVE,64903,per Annum,1820,62875.43,12.25,455.22,5172.68,34.55,FALSE
2025,67,ADMIN FOR CHILDREN'S SVCS,7/26/2021,BROOKLYN,YOUTH DEVELOPMENT SPECIALIST,ACTIVE,64994,per Annum,1820,64839.43,810.25,40351.3,7601.33,35.63,FALSE
2025,67,ADMIN FOR CHILDREN'S SVCS,5/17/2021,BROOKLYN,YOUTH DEVELOPMENT SPECIALIST,ACTIVE,64994,per Annum,1820,69365.88,511.75,23977.87,5920.26,38.11,FALSE
2025,67,ADMIN FOR CHILDREN'S SVCS,9/24/2007,MANHATTAN,MOTOR VEHICLE SUPERVISOR,ACTIVE,67423,per Annum,2080,65318.01,749.75,36920.03,3146.85,31.4,FALSE
2025,67,ADMIN FOR CHILDREN'S SVCS,5/22/2023,MANHATTAN,CHILD PROTECTIVE SPECIALIST,ACTIVE,68309,per Annum,1603,56532.63,244.25,10418.82,2298.3,35.27,FALSE
2025,67,ADMIN FOR CHILDREN'S SVCS,8/28/2023,BRONX,CHILD PROTECTIVE SPECIALIST,ACTIVE,68309,per Annum,1820,63294.15,344.75,14594.15,72.64,34.78,FALSE
2025,67,ADMIN FOR CHILDREN'S SVCS,8/28/2023,BROOKLYN,CHILD PROTECTIVE SPECIALIST,ACTIVE,68309,per Annum,1680,57978.57,0,0,107.25,34.51,FALSE
2025,67,ADMIN FOR CHILDREN'S SVCS,5/23/2022,BRONX,CHILD PROTECTIVE SPECIALIST,ACTIVE,68309,per Annum,1820,64929.99,101,4147.38,4226.06,35.68,FALSE
2025,67,ADMIN FOR CHILDREN'S SVCS,7/9/2018,MANHATTAN,YOUTH DEVELOPMENT SPECIALIST,ACTIVE,68537,per Annum,1890,70357.87,46.25,2119.07,6856.18,37.23,FALSE
2025,67,ADMIN FOR CHILDREN'S SVCS,6/23/1996,MANHATTAN,PRINCIPAL ADMINISTRATIVE ASSOCIATE -  NON SUPVR,ACTIVE,69044,per Annum,1820,67841.27,0,0,4953.83,37.28,FALSE
2025,67,ADMIN FOR CHILDREN'S SVCS,1/5/2015,BROOKLYN,CHILD PROTECTIVE SPECIALIST,ACTIVE,70106,per Annum,1820,67939.88,210.25,9250.74,6358.9,37.33,FALSE
2025,67,ADMIN FOR CHILDREN'S SVCS,10/17/2016,BRONX,CHILD PROTECTIVE SPECIALIST,ACTIVE,70106,per Annum,1470,54918.13,568.75,30057.87,5723.62,37.36,FALSE
2025,67,ADMIN FOR CHILDREN'S SVCS,2/6/2017,MANHATTAN,CHILD PROTECTIVE SPECIALIST,ACTIVE,70106,per Annum,1820,100986.17,220.75,14149.9,6199.53,55.49,FALSE
2025,67,ADMIN FOR CHILDREN'S SVCS,11/14/2016,BROOKLYN,CHILD PROTECTIVE SPECIALIST,ACTIVE,70106,per Annum,1820,67939.88,153.5,6790.6,8193.16,37.33,FALSE
2025,67,ADMIN FOR CHILDREN'S SVCS,8/4/2014,BRONX,CHILD PROTECTIVE SPECIALIST,ACTIVE,70106,per Annum,1820,67939.88,128.75,5384.49,9156.96,37.33,FALSE
2025,67,ADMIN FOR CHILDREN'S SVCS,4/23/2018,BRONX,CHILD PROTECTIVE SPECIALIST,ACTIVE,70106,per Annum,1820,73963.3,89,3846.1,9134.78,40.64,FALSE
2025,67,ADMIN FOR CHILDREN'S SVCS,10/29/2018,MANHATTAN,CHILD PROTECTIVE SPECIALIST,ACTIVE,70106,per Annum,1820,67939.88,260,12244.35,5540.41,37.33,FALSE
2025,67,ADMIN FOR CHILDREN'S SVCS,8/8/2016,BROOKLYN,CHILD PROTECTIVE SPECIALIST,ACTIVE,70106,per Annum,1820,67939.88,48.25,1832.49,6440.27,37.33,FALSE
2025,67,ADMIN FOR CHILDREN'S SVCS,7/22/2019,MANHATTAN,CHILD PROTECTIVE SPECIALIST,ACTIVE,70106,per Annum,1820,67939.88,71.75,3493.74,13778.21,37.33,FALSE
2025,67,ADMIN FOR CHILDREN'S SVCS,1/5/2015,MANHATTAN,CHILD PROTECTIVE SPECIALIST,ACTIVE,70106,per Annum,1820,67158.59,124.25,5947.05,6409.55,36.9,FALSE
2025,67,ADMIN FOR CHILDREN'S SVCS,11/12/2019,MANHATTAN,CHILD PROTECTIVE SPECIALIST,ACTIVE,70106,per Annum,1225,42339.36,0,0,3627.16,34.56,FALSE
2025,67,ADMIN FOR CHILDREN'S SVCS,8/8/2016,BROOKLYN,CHILD PROTECTIVE SPECIALIST,ACTIVE,70106,per Annum,1820,67939.88,44.5,1967.32,6383.97,37.33,FALSE
2025,67,ADMIN FOR CHILDREN'S SVCS,5/24/2021,BRONX,CHILD PROTECTIVE SPECIALIST,ACTIVE,70106,per Annum,1820,67939.88,270.25,13120.69,6159.19,37.33,FALSE
2025,67,ADMIN FOR CHILDREN'S SVCS,11/16/2015,QUEENS,CHILD PROTECTIVE SPECIALIST,ACTIVE,70106,per Annum,1820,67939.88,2.75,107.56,3565.41,37.33,FALSE
2025,67,ADMIN FOR CHILDREN'S SVCS,10/29/2018,BRONX,CHILD PROTECTIVE SPECIALIST,ACTIVE,70106,per Annum,1820,67939.88,320.5,15338.3,6945.78,37.33,FALSE
2025,67,ADMIN FOR CHILDREN'S SVCS,7/13/2009,MANHATTAN,CHILD PROTECTIVE SPECIALIST,ACTIVE,70106,per Annum,1820,63271.87,2,78.99,6492.75,34.76,FALSE
2025,67,ADMIN FOR CHILDREN'S SVCS,2/18/2020,BRONX,CHILD PROTECTIVE SPECIALIST,ACTIVE,70106,per Annum,1820,67939.88,5.25,310.75,3557.03,37.33,FALSE
2025,67,ADMIN FOR CHILDREN'S SVCS,8/6/2018,BROOKLYN,CHILD PROTECTIVE SPECIALIST,ACTIVE,70106,per Annum,1544.25,57680.59,256.5,12856.14,5453.24,37.35,FALSE
2025,67,ADMIN FOR CHILDREN'S SVCS,11/13/2017,MANHATTAN,CHILD PROTECTIVE SPECIALIST,ACTIVE,70106,per Annum,1820,67939.88,121.75,6151.69,5467.58,37.33,FALSE
2025,67,ADMIN FOR CHILDREN'S SVCS,8/29/2022,BRONX,CHILD PROTECTIVE SPECIALIST,ACTIVE,70106,per Annum,1820,67584.38,428.75,20810.03,1024.86,37.13,FALSE
2025,67,ADMIN FOR CHILDREN'S SVCS,4/28/2014,MANHATTAN,CHILD PROTECTIVE SPECIALIST,ACTIVE,70106,per Annum,1820,65075.15,304.5,16337.03,13807.91,35.76,FALSE
2025,67,ADMIN FOR CHILDREN'S SVCS,11/22/2021,QUEENS,CHILD PROTECTIVE SPECIALIST,ACTIVE,70106,per Annum,1820,67939.88,634.75,32450.11,4084.57,37.33,FALSE
2025,67,ADMIN FOR CHILDREN'S SVCS,2/23/2009,MANHATTAN,CHILD PROTECTIVE SPECIALIST,ACTIVE,70132,per Annum,1820,67941.3,346,17416.35,12330.99,37.33,FALSE
2025,67,ADMIN FOR CHILDREN'S SVCS,8/13/2007,QUEENS,CHILD PROTECTIVE SPECIALIST,ACTIVE,70156,per Annum,1820,67966.61,0,0,9120.44,37.34,FALSE
2025,67,ADMIN FOR CHILDREN'S SVCS,12/3/2007,MANHATTAN,CHILD PROTECTIVE SPECIALIST,ACTIVE,70156,per Annum,1820,67966.61,165.75,7548.02,11855.12,37.34,FALSE
2025,67,ADMIN FOR CHILDREN'S SVCS,12/11/2006,RICHMOND,CHILD PROTECTIVE SPECIALIST,ACTIVE,70181,per Annum,1820,67990.58,206,8520.59,9128.69,37.36,FALSE
2025,67,ADMIN FOR CHILDREN'S SVCS,3/22/2004,QUEENS,CHILD PROTECTIVE SPECIALIST,ACTIVE,70236,per Annum,1820,68043.57,411.75,22599.14,12099.08,37.39,FALSE
2025,67,ADMIN FOR CHILDREN'S SVCS,3/17/2014,MANHATTAN,COMMUNITY COORDINATOR,ACTIVE,72298,per Annum,1820,70064.11,487,24616.49,2103.47,38.5,FALSE
2025,67,ADMIN FOR CHILDREN'S SVCS,8/13/2001,MANHATTAN,COMMUNITY COORDINATOR,ACTIVE,72480,per Annum,1820,70217.92,0,0,1497.01,38.58,FALSE
2025,67,ADMIN FOR CHILDREN'S SVCS,2/19/2002,BRONX,PARALEGAL AIDE,ACTIVE,74660,per Annum,1820,72331.24,0,0,5795.52,39.74,FALSE
2025,67,ADMIN FOR CHILDREN'S SVCS,6/23/1996,MANHATTAN,PRINCIPAL ADMINISTRATIVE ASSOCIATE -  NON SUPVR,ACTIVE,75832,per Annum,1820,75791.72,0,0,4706.33,41.64,FALSE
2025,67,ADMIN FOR CHILDREN'S SVCS,1/31/2022,MANHATTAN,PROTECTION AGENT,ACTIVE,77637,per Annum,2080,75238.24,0,0,0,36.17,FALSE
2025,67,ADMIN FOR CHILDREN'S SVCS,10/22/2012,BRONX,CHILD PROTECTIVE SPECIALIST SUPERVISOR,ACTIVE,78315,per Annum,1820,78700.93,178,8955.14,6900.25,43.24,FALSE
2025,67,ADMIN FOR CHILDREN'S SVCS,10/16/2006,QUEENS,CHILD PROTECTIVE SPECIALIST SUPERVISOR,ACTIVE,78366,per Annum,1820,111206.74,125.75,8267.12,9408.74,61.1,FALSE
2025,67,ADMIN FOR CHILDREN'S SVCS,7/16/2007,MANHATTAN,CHILD WELFARE SPECIALIST SUPERVISOR,ACTIVE,78392,per Annum,1820,75947.21,377.25,22290.74,5380.32,41.73,FALSE
2025,67,ADMIN FOR CHILDREN'S SVCS,6/23/1996,BROOKLYN,CHILD PROTECTIVE SPECIALIST SUPERVISOR,ACTIVE,78902,per Annum,1820,76441.54,0,0,7582.82,42,FALSE
2025,67,ADMIN FOR CHILDREN'S SVCS,6/23/1996,MANHATTAN,CHILD WELFARE SPECIALIST SUPERVISOR,ACTIVE,79192,per Annum,1820,76722.79,453.25,25127.14,5680.42,42.16,FALSE
2025,67,ADMIN FOR CHILDREN'S SVCS,12/9/2019,BROOKLYN,ADM MANAGER-NON-MGRL,ACTIVE,79496,per Annum,1820,78168.77,0,0,1000,42.95,FALSE
2025,67,ADMIN FOR CHILDREN'S SVCS,9/29/2003,MANHATTAN,ADM MANAGER-NON-MGRL,ACTIVE,79526,per Annum,1820,78178.75,10.75,475,1847.49,42.96,FALSE
2025,67,ADMIN FOR CHILDREN'S SVCS,3/25/2019,MANHATTAN,COMMUNITY COORDINATOR,ACTIVE,79528,per Annum,1820,77071.1,0,0,8.75,42.35,FALSE
2025,67,ADMIN FOR CHILDREN'S SVCS,9/10/2018,BRONX,ASSOCIATE YOUTH DEVELOPMENT SPECIALIST,ACTIVE,81537,per Annum,1820,77645.42,955,59084.32,5543.67,42.66,FALSE
2025,67,ADMIN FOR CHILDREN'S SVCS,12/17/2018,BRONX,ASSOCIATE YOUTH DEVELOPMENT SPECIALIST,ACTIVE,81537,per Annum,1820,81839.87,498.75,29195.83,14238.84,44.97,FALSE
2025,67,ADMIN FOR CHILDREN'S SVCS,5/22/2023,MANHATTAN,AGENCY ATTORNEY INTERNE,ACTIVE,83388,per Annum,1820,81328.95,0,0,264,44.69,FALSE
2025,67,ADMIN FOR CHILDREN'S SVCS,9/11/2023,MANHATTAN,AGENCY ATTORNEY INTERNE,ACTIVE,83388,per Annum,1820,81328.95,21.75,982.3,33,44.69,FALSE
2025,67,ADMIN FOR CHILDREN'S SVCS,6/5/2023,MANHATTAN,PROCUREMENT ANALYST,ACTIVE,85441,per Annum,1820,83479.16,0,0,0,45.87,FALSE
2025,67,ADMIN FOR CHILDREN'S SVCS,6/23/1996,MANHATTAN,CHILD WELFARE SPECIALIST SUPERVISOR,ACTIVE,85475,per Annum,1750,82554.02,27.75,1525.54,4871.03,47.17,FALSE
2025,67,ADMIN FOR CHILDREN'S SVCS,4/25/2011,MANHATTAN,COMMUNITY COORDINATOR,ACTIVE,87156,per Annum,1820,84463.67,0,0,699.41,46.41,FALSE
2025,67,ADMIN FOR CHILDREN'S SVCS,1/14/2020,MANHATTAN,COMMUNITY COORDINATOR,ACTIVE,87157,per Annum,1820,84464.71,279,16506.79,2266.04,46.41,FALSE
2025,67,ADMIN FOR CHILDREN'S SVCS,3/30/2020,BROOKLYN,SUPERVISING COMPUTER SERVICE TECHNICIAN,ACTIVE,88721,per Annum,1820,85979.62,26.5,1740.42,5817.32,47.24,FALSE
2025,67,ADMIN FOR CHILDREN'S SVCS,2/28/2022,MANHATTAN,PROGRAM EVALUATOR,ACTIVE,88793,per Annum,455,20078.34,0,0,0,44.13,FALSE
2025,67,ADMIN FOR CHILDREN'S SVCS,9/16/1996,MANHATTAN,PROGRAM EVALUATOR,ACTIVE,88844,per Annum,1820,86076.32,0,0,1497.01,47.29,FALSE
2025,67,ADMIN FOR CHILDREN'S SVCS,7/3/2023,MANHATTAN,STAFF ANALYST,ACTIVE,90192,per Annum,1820,89329.64,0,0,2341.3,49.08,FALSE
2025,67,ADMIN FOR CHILDREN'S SVCS,6/23/1996,MANHATTAN,COMMUNITY COORDINATOR,ACTIVE,90275,per Annum,1820,87463.3,54,2774.81,1547.54,48.06,FALSE
2025,67,ADMIN FOR CHILDREN'S SVCS,11/22/2021,MANHATTAN,PROGRAM EVALUATOR,ACTIVE,90860,per Annum,1820,83887.33,0,0,607.25,46.09,FALSE
2025,67,ADMIN FOR CHILDREN'S SVCS,5/15/2017,MANHATTAN,PROGRAM EVALUATOR,ACTIVE,92765,per Annum,1820,89898.92,0,0,0,49.4,FALSE
2025,67,ADMIN FOR CHILDREN'S SVCS,8/21/2006,BRONX,CHILD WELFARE SPECIALIST SUPERVISOR,ACTIVE,94512,per Annum,1820,91569.69,45,2439.81,5104.5,50.31,FALSE
2025,67,ADMIN FOR CHILDREN'S SVCS,9/15/1997,MANHATTAN,COMMUNITY COORDINATOR,ACTIVE,95993,per Annum,1820,93004.46,0,0,1497.01,51.1,FALSE
2025,67,ADMIN FOR CHILDREN'S SVCS,6/23/1996,MANHATTAN,ADMINISTRATIVE DIRECTOR OF SOCIAL SERVICES,ACTIVE,97087,per Annum,1820,94087.46,0,0,0,51.7,FALSE
2025,67,ADMIN FOR CHILDREN'S SVCS,12/1/2014,MANHATTAN,CHILD AND FAMILY SPECIALIST,ACTIVE,97593,per Annum,1820,94577.64,0,0,317.24,51.97,FALSE
2025,67,ADMIN FOR CHILDREN'S SVCS,4/13/1998,BROOKLYN,CHILD PROTECTIVE SPECIALIST SUPERVISOR,ACTIVE,100101,per Annum,1820,96985.85,137,8571.2,9448.99,53.29,FALSE
2025,67,ADMIN FOR CHILDREN'S SVCS,9/20/2004,MANHATTAN,CHILD PROTECTIVE SPECIALIST SUPERVISOR,ACTIVE,100182,per Annum,1820,97063.95,264.5,17924.64,9708.84,53.33,FALSE
2025,67,ADMIN FOR CHILDREN'S SVCS,12/14/2001,QUEENS,CHILD PROTECTIVE SPECIALIST SUPERVISOR,ACTIVE,100229,per Annum,1820,97110.05,2.25,142.59,9233.6,53.36,FALSE
2025,67,ADMIN FOR CHILDREN'S SVCS,2/25/2002,MANHATTAN,CHILD PROTECTIVE SPECIALIST SUPERVISOR,ACTIVE,100229,per Annum,1820,97110.05,152.5,11767.65,13443.7,53.36,FALSE
2025,67,ADMIN FOR CHILDREN'S SVCS,2/17/1998,BRONX,CHILD PROTECTIVE SPECIALIST SUPERVISOR,ACTIVE,100305,per Annum,1820,97184.11,48.5,2836.49,9183.92,53.4,FALSE
2025,67,ADMIN FOR CHILDREN'S SVCS,6/5/2006,MANHATTAN,CHILD WELFARE SPECIALIST SUPERVISOR,ACTIVE,100597,per Annum,1820,97466.13,0,0,5081.93,53.55,FALSE
2025,67,ADMIN FOR CHILDREN'S SVCS,10/7/2013,MANHATTAN,AGENCY ATTORNEY,ACTIVE,104045,per Annum,1820,102073.98,0,0,13948.74,56.08,FALSE
2025,67,ADMIN FOR CHILDREN'S SVCS,12/2/2007,MANHATTAN,ADMINISTRATIVE STAFF ANALYST,ACTIVE,105288,per Annum,1820,104266.62,0,0,4926.96,57.29,FALSE
2025,67,ADMIN FOR CHILDREN'S SVCS,1/30/2023,MANHATTAN,DEPUTY DIRECTOR OF ADMINISTRATION,ACTIVE,110633,per Annum,1820,106845.37,0,0,0,58.71,FALSE
2025,67,ADMIN FOR CHILDREN'S SVCS,12/8/2008,MANHATTAN,ADMINISTRATIVE DIRECTOR OF SOCIAL SERVICES,ACTIVE,113280,per Annum,1820,110968.99,0,0,607.61,60.97,FALSE
2025,67,ADMIN FOR CHILDREN'S SVCS,10/14/2014,MANHATTAN,ASSOCIATE STAFF ANALYST,ACTIVE,114803,per Annum,1820,113724.64,0,0,1569.62,62.49,FALSE
2025,67,ADMIN FOR CHILDREN'S SVCS,6/17/2002,MANHATTAN,DIRECTOR OF FIELD OPERATIONS,ACTIVE,119985,per Annum,1820,115959.74,0,0,0,63.71,FALSE
2025,67,ADMIN FOR CHILDREN'S SVCS,1/14/2008,MANHATTAN,DIRECTOR OF FIELD OPERATIONS,ACTIVE,128299,per Annum,1820,126015.12,0,0,0,69.24,FALSE
2025,67,ADMIN FOR CHILDREN'S SVCS,1/23/2006,QUEENS,DIRECTOR OF FIELD OPERATIONS,ACTIVE,128299,per Annum,1820,126015.12,0,0,0,69.24,FALSE
2025,67,ADMIN FOR CHILDREN'S SVCS,2/13/2017,RICHMOND,DIRECTOR OF FIELD OPERATIONS,ACTIVE,128299,per Annum,1820,125840.54,0,0,0,69.14,FALSE
2025,67,ADMIN FOR CHILDREN'S SVCS,9/10/2001,BROOKLYN,DIRECTOR OF FIELD OPERATIONS,ACTIVE,128299,per Annum,1820,125840.54,0,0,0,69.14,FALSE
2025,67,ADMIN FOR CHILDREN'S SVCS,6/23/1996,BRONX,DIRECTOR OF FIELD OPERATIONS,ACTIVE,129150,per Annum,1820,126675.32,0,0,0,69.6,FALSE
2025,67,ADMIN FOR CHILDREN'S SVCS,12/17/2018,MANHATTAN,CITY RESEARCH SCIENTIST,ACTIVE,130832,per Annum,1820,126792.53,265.75,22142.65,7390.79,69.67,FALSE
2025,67,ADMIN FOR CHILDREN'S SVCS,11/9/2015,MANHATTAN,COMPUTER SPECIALIST,ACTIVE,143034,per Annum,1820,138615.21,0,0,5553.12,76.16,FALSE
2025,67,ADMIN FOR CHILDREN'S SVCS,5/31/2005,MANHATTAN,*CERTIFIED DATABASE ADMINISTRATOR,ACTIVE,144683,per Annum,1820,140190.75,140,15191.31,6531.55,77.03,FALSE
2025,67,ADMIN FOR CHILDREN'S SVCS,6/23/1996,MANHATTAN,ADMINISTRATIVE DIRECTOR OF SOCIAL SERVICES,ACTIVE,148433,per Annum,1820,143350.97,0,0,0,78.76,FALSE
2025,67,ADMIN FOR CHILDREN'S SVCS,6/23/1996,MANHATTAN,COMPUTER SYSTEMS MANAGER,ACTIVE,150484,per Annum,1820,145331.43,0,0,0,79.85,FALSE
2025,67,ADMIN FOR CHILDREN'S SVCS,6/30/1997,MANHATTAN,DIRECTOR OF FIELD OPERATIONS,ACTIVE,166987,per Annum,1820,161385.56,0,0,0,88.67,FALSE
2025,67,ADMIN FOR CHILDREN'S SVCS,10/20/2008,MANHATTAN,ADMINISTRATIVE STAFF ANALYST,ACTIVE,225734,per Annum,1820,218005.48,0,0,2000,119.78,FALSE
2025,820,ADMIN TRIALS AND HEARINGS,7/5/2010,QUEENS,COMMUNITY ASSISTANT,ACTIVE,43530,per Annum,1820,42185.39,0,0,1497.01,23.18,FALSE
2025,820,ADMIN TRIALS AND HEARINGS,7/4/2011,MANHATTAN,CLERICAL ASSOCIATE MOST MAYORAL AG,ACTIVE,44325,per Annum,1225,26417.93,0,0,3503.97,21.57,FALSE
2025,820,ADMIN TRIALS AND HEARINGS,3/7/2022,MANHATTAN,CLERICAL ASSOCIATE MOST MAYORAL AG,ACTIVE,48631,per Annum,1820,47128.38,0,0,0,25.89,FALSE
2025,820,ADMIN TRIALS AND HEARINGS,7/19/2021,MANHATTAN,PRINCIPAL ADMINISTRATIVE ASSOCIATE -  NON SUPVR,ACTIVE,61376,per Annum,1820,65543.28,0,0,0,36.01,FALSE
2025,820,ADMIN TRIALS AND HEARINGS,11/13/2023,MANHATTAN,COMMUNITY COORDINATOR,ACTIVE,62868,per Annum,1820,60925.55,1,33.33,0,33.48,FALSE
2025,820,ADMIN TRIALS AND HEARINGS,6/3/2019,MANHATTAN,AGENCY ATTORNEY,ACTIVE,123388,per Annum,1820,128411.19,0,0,0,70.56,FALSE
2025,820,ADMIN TRIALS AND HEARINGS,10/16/2023,BROOKLYN,EXECUTIVE AGENCY COUNSEL,ACTIVE,153353,per Annum,1820,150921.9,0,0,0,82.92,FALSE
2025,820,ADMIN TRIALS AND HEARINGS,5/7/2023,MANHATTAN,EXECUTIVE AGENCY COUNSEL,ACTIVE,157954,per Annum,1820,157348.38,0,0,1000,86.46,FALSE
2025,73,BOARD OF CORRECTION,9/8/1997,MANHATTAN,CORRECTIONAL STANDARDS REVIEW SPECIALIST,ACTIVE,99449,per Annum,1820,96301.69,0,0,1496.63,52.91,FALSE
2025,3,BOARD OF ELECTION,10/11/2020,BRONX,CLERK TO THE BOARD,ACTIVE,49132,per Annum,1820,48072.4,49,1487.97,273.48,26.41,FALSE
2025,3,BOARD OF ELECTION,9/13/2020,QUEENS,VOTING MACHINE TECHNICIAN,ACTIVE,52294,per Annum,1820,51166.45,430.25,16860.58,291.08,28.11,FALSE
2025,3,BOARD OF ELECTION,8/20/2017,BRONX,VOTING MACHINE TECHNICIAN,ACTIVE,52294,per Annum,1820,51166.45,328,12569.38,959.13,28.11,FALSE
2025,3,BOARD OF ELECTION,1/8/2024,BRONX,VOTING MACHINE TECHNICIAN,ACTIVE,52294,per Annum,1882.82,54353.01,265,10455.95,0,28.87,FALSE
2025,3,BOARD OF ELECTION,1/16/2022,QUEENS,VOTING MACHINE TECHNICIAN,ACTIVE,54482,per Annum,1820,51668.34,385.25,15692.42,303.26,28.39,FALSE
2025,3,BOARD OF ELECTION,1/26/2020,QUEENS,SENIOR VOTING MACHINE TECHNICIAN,ACTIVE,58104,per Annum,1820,53379.03,470.5,18951.71,291.08,29.33,FALSE
2025,3,BOARD OF ELECTION,6/19/2011,BROOKLYN,SENIOR VOTING MACHINE TECHNICIAN,ACTIVE,58104,per Annum,1820,28177.32,463,16608.94,845.79,15.48,TRUE
2025,3,BOARD OF ELECTION,7/18/2016,BROOKLYN,ADMINISTRATIVE ASSISTANT,ACTIVE,58796,per Annum,1820,57528.05,660.5,29318.05,2543.91,31.61,FALSE
2025,3,BOARD OF ELECTION,9/30/2012,BROOKLYN,SENIOR VOTING MACHINE TECHNICIAN,ACTIVE,59558,per Annum,1820,58273.67,750,34203.1,1788.79,32.02,FALSE
2025,3,BOARD OF ELECTION,10/4/1998,MANHATTAN,ADMINISTRATIVE ASSISTANT,ACTIVE,60440,per Annum,1820,59137.06,102,5157.92,3828.57,32.49,FALSE
2025,3,BOARD OF ELECTION,11/5/2012,BRONX,ADMINISTRATIVE ASSISTANT,ACTIVE,63177,per Annum,1820,61814.6,274.75,12750.04,2686.61,33.96,FALSE
2025,3,BOARD OF ELECTION,2/2/2020,RICHMOND,TRAINER ASSISTANT,ACTIVE,66012,per Annum,1820,64588.54,442.5,21045.16,798.17,35.49,FALSE
2025,3,BOARD OF ELECTION,6/4/2006,MANHATTAN,ADMINISTRATIVE ASSOCIATE,ACTIVE,72771,per Annum,1693.07,66889.52,429.25,24538.15,3593.06,39.51,FALSE
2025,3,BOARD OF ELECTION,11/30/2003,RICHMOND,ADMINISTRATIVE ASSOCIATE,ACTIVE,89644,per Annum,1820,87710.93,381,26219.64,3826.1,48.19,FALSE
2025,3,BOARD OF ELECTION,5/22/2017,MANHATTAN,PROJECT COORDINATOR,ACTIVE,113926,per Annum,1820,111469.51,284.5,23600,2517.73,61.25,FALSE
2025,11,BOROUGH PRESIDENT-BRONX,6/6/2022,BRONX,COMMUNITY COORDINATOR,ACTIVE,87205,per Annum,1820,84510.64,0,0,930.16,46.43,FALSE
2025,11,BOROUGH PRESIDENT-BRONX,1/3/2022,BRONX,PUBLIC INFORMATION OFFICER,ACTIVE,108716,per Annum,1820,104993.61,0,0,0,57.69,FALSE
2025,11,BOROUGH PRESIDENT-BRONX,1/1/2022,BRONX,BOROUGH PRESIDENT,ACTIVE,179200,per Annum,1820,178688.81,0,0,0,98.18,FALSE
2025,902,BRONX DISTRICT ATTORNEY,2/21/2023,BRONX,COMMUNITY ASSISTANT,ACTIVE,43460,per Annum,1820,39577.96,0,0,3000,21.75,FALSE
2025,902,BRONX DISTRICT ATTORNEY,1/9/2017,BRONX,COMMUNITY ASSISTANT,ACTIVE,49030,per Annum,1820,46830.42,0,0,3000,25.73,FALSE
2025,902,BRONX DISTRICT ATTORNEY,10/11/2022,BRONX,COMMUNITY ASSISTANT,ACTIVE,49030,per Annum,1820,44506.6,0,0,9508.25,24.45,FALSE
2025,902,BRONX DISTRICT ATTORNEY,6/17/2024,BRONX,COMMUNITY ASSOCIATE,ACTIVE,54769,per Annum,1820,52129.03,0,0,33,28.64,FALSE
2025,902,BRONX DISTRICT ATTORNEY,9/20/2021,BRONX,RACKETS INVESTIGATOR - START >4-24-08 NO ABC,ACTIVE,68046,per Annum,2080,66673.75,255.25,11497.69,9500,32.05,FALSE
2025,902,BRONX DISTRICT ATTORNEY,12/5/2022,BRONX,COMMUNITY COORDINATOR,ACTIVE,72298,per Annum,1820,70064.11,78.5,3640.95,7800.54,38.5,FALSE
2025,902,BRONX DISTRICT ATTORNEY,3/12/1988,BRONX,SECRETARY,ACTIVE,72326,per Annum,1820,70068.75,0,0,15946.52,38.5,FALSE
2025,902,BRONX DISTRICT ATTORNEY,1/10/2022,BRONX,COMMUNITY COORDINATOR,ACTIVE,73336,per Annum,1820,71070.57,27,1239.21,7430.58,39.05,FALSE
2025,902,BRONX DISTRICT ATTORNEY,11/14/2016,BRONX,COMMUNITY COORDINATOR,ACTIVE,74931,per Annum,1820,72602.12,0,0,10550,39.89,FALSE
2025,902,BRONX DISTRICT ATTORNEY,5/4/2020,BRONX,COMMUNITY COORDINATOR,ACTIVE,74931,per Annum,1820,67214.87,0,0,9516.5,36.93,FALSE
2025,902,BRONX DISTRICT ATTORNEY,6/24/1991,BRONX,COMMUNITY COORDINATOR,ACTIVE,75441,per Annum,1666,66944.21,31.5,1403.02,710.25,40.18,FALSE
2025,902,BRONX DISTRICT ATTORNEY,7/17/2022,BRONX,COMMUNITY COORDINATOR,ACTIVE,76570,per Annum,1820,74204.41,0,0,9549.5,40.77,FALSE
2025,902,BRONX DISTRICT ATTORNEY,7/25/2016,BRONX,SENIOR RACKETS INVESTIGATOR,ACTIVE,80180,per Annum,2080,78563.47,259.25,14642.31,9709.71,37.77,FALSE
2025,902,BRONX DISTRICT ATTORNEY,9/5/2023,BRONX,ASSISTANT DISTRICT ATTORNEY,ACTIVE,90000,per Annum,1820,89796.07,0,0,5000,49.34,FALSE
2025,902,BRONX DISTRICT ATTORNEY,1/30/2023,BRONX,REPORTER/ STENOGRAPHER,ACTIVE,97606,per Annum,1820,94590.62,0,0,57745.19,51.97,FALSE
2025,902,BRONX DISTRICT ATTORNEY,9/6/2016,BRONX,ASSISTANT DISTRICT ATTORNEY,ACTIVE,142000,per Annum,1820,141226.27,0,0,6000,77.6,FALSE
2025,902,BRONX DISTRICT ATTORNEY,9/8/2015,BRONX,ASSISTANT DISTRICT ATTORNEY,ACTIVE,147500,per Annum,1820,154378.49,0,0,12348,84.82,FALSE
2025,902,BRONX DISTRICT ATTORNEY,10/25/2021,BRONX,ASSISTANT DISTRICT ATTORNEY,ACTIVE,158000,per Annum,1820,157180.43,0,0,7000,86.36,FALSE
2025,902,BRONX DISTRICT ATTORNEY,6/13/2022,BRONX,ASSISTANT DISTRICT ATTORNEY,ACTIVE,160000,per Annum,1820,159543.77,0,0,18527.35,87.66,FALSE
2025,902,BRONX DISTRICT ATTORNEY,1/2/2024,BRONX,ASSISTANT DISTRICT ATTORNEY,ACTIVE,164000,per Annum,1820,163532.25,0,0,27895,89.85,FALSE
2025,902,BRONX DISTRICT ATTORNEY,6/6/2022,BRONX,ASSISTANT DISTRICT ATTORNEY,ACTIVE,184000,per Annum,1820,183229.22,0,0,6375,100.68,FALSE
2025,902,BRONX DISTRICT ATTORNEY,10/20/2013,BRONX,ASSISTANT DISTRICT ATTORNEY,ACTIVE,199000,per Annum,1820,197819.28,0,0,14446,108.69,FALSE
2025,902,BRONX DISTRICT ATTORNEY,5/23/2022,BRONX,ASSISTANT DISTRICT ATTORNEY,ACTIVE,220500,per Annum,1820,219487.83,0,0,15370,120.6,FALSE
2025,471,BROOKLYN COMMUNITY BOARD #1,1/22/2024,BROOKLYN,COMMUNITY COORDINATOR,ACTIVE,69035,per Annum,1820,66912.72,0,0,121.39,36.77,FALSE
2025,4,CAMPAIGN FINANCE BOARD,6/16/2024,MANHATTAN,ANALYST,ACTIVE,89610,per Annum,1820,88768.46,0,0,17.5,48.77,FALSE
2025,4,CAMPAIGN FINANCE BOARD,1/29/2024,MANHATTAN,ANALYST,ACTIVE,99910,per Annum,1820,98971.54,4,218.74,585.14,54.38,FALSE
2025,4,CAMPAIGN FINANCE BOARD,9/24/2023,MANHATTAN,ANALYST,ACTIVE,103810,per Annum,1820,99534.52,0,0,0,54.69,FALSE
2025,103,CITY CLERK,9/1/2010,BRONX,CLERICAL ASSOCIATE MOST MAYORAL AG,ACTIVE,48631,per Annum,1820,47128.38,0,0,4052.95,25.89,FALSE
2025,102,CITY COUNCIL,2/7/2023,MANHATTAN,COUNCIL MEMBER AIDE,ACTIVE,58195,per Annum,1820,59022.24,0,0,3000,32.43,FALSE
2025,102,CITY COUNCIL,1/2/2024,MANHATTAN,COUNCIL MEMBER AIDE,ACTIVE,65611,per Annum,1820,65120.51,0,0,477.83,35.78,FALSE
2025,102,CITY COUNCIL,9/24/2012,MANHATTAN,LEGISLATIVE ASSISTANT,ACTIVE,67113,per Annum,1820,65199.5,0,0,0,35.82,FALSE
2025,102,CITY COUNCIL,10/2/2023,MANHATTAN,LEGISLATIVE POLICY ANALYST,ACTIVE,75000,per Annum,1820,64587.26,0,0,1110.27,35.49,FALSE
2025,102,CITY COUNCIL,3/25/2024,MANHATTAN,COUNCIL MEMBER AIDE,ACTIVE,80000,per Annum,1820,77948.62,0,0,3000,42.83,FALSE
2025,102,CITY COUNCIL,9/8/2008,MANHATTAN,LEGISLATIVE COMPUTER SUPPORT SPECIALIST,ACTIVE,93282,per Annum,1820,90088.43,0,0,209.94,49.5,FALSE
2025,102,CITY COUNCIL,8/13/2018,MANHATTAN,LEGISLATIVE ADMINISTRATIVE MANAGER,ACTIVE,98062,per Annum,1820,94704.2,0,0,0,52.04,FALSE
2025,102,CITY COUNCIL,9/24/2018,MANHATTAN,LEGISLATIVE PROGRAMMER/ANALYST,ACTIVE,98178,per Annum,1820,97897.96,0,0,0,53.79,FALSE
2025,102,CITY COUNCIL,11/1/2005,MANHATTAN,SENIOR LEGISLATIVE POLICY ANALYST,ACTIVE,101733,per Annum,1820,101442.92,0,0,1000,55.74,FALSE
2025,102,CITY COUNCIL,9/17/2018,MANHATTAN,LEGISLATIVE PROGRAMMER/ANALYST,ACTIVE,124655,per Annum,1820,124299.54,0,0,0,68.3,FALSE
2025,102,CITY COUNCIL,1/1/2022,MANHATTAN,COUNCIL MEMBER,ACTIVE,148500,per Annum,1820,148076.47,0,0,0,81.36,FALSE
2025,102,CITY COUNCIL,6/25/2018,MANHATTAN,ASSISTANT DIRECTOR OF LEGAL SERVICES,ACTIVE,165224,per Annum,1820,160530.53,0,0,0,88.2,FALSE
2025,102,CITY COUNCIL,8/6/2019,MANHATTAN,ASSISTANT DIRECTOR OF ADMINISTRATION,ACTIVE,185427,per Annum,1820,169361.19,0,0,0,93.06,FALSE
2025,102,CITY COUNCIL,5/16/2022,MANHATTAN,DEPUTY DIRECTOR-LEGAL DIVISION,ACTIVE,191037,per Annum,1820,184496.29,0,0,1000,101.37,FALSE
2025,54,CIVILIAN COMPLAINT REVIEW BD,1/9/2017,MANHATTAN,INVESTIGATOR,ACTIVE,80469,per Annum,1820,77982.84,63,2694.09,26.38,42.85,FALSE
2025,54,CIVILIAN COMPLAINT REVIEW BD,6/21/2022,MANHATTAN,INVESTIGATOR,ACTIVE,80469,per Annum,1820,77320.05,0,0,16.5,42.48,FALSE
2025,54,CIVILIAN COMPLAINT REVIEW BD,9/30/2019,MANHATTAN,SUPERVISOR OF INVESTIGATORS,ACTIVE,94860,per Annum,1820,91929.04,0,0,8.25,50.51,FALSE
2025,215,COMMISSION ON RACIAL EQUITY,6/2/2024,MANHATTAN,EXECUTIVE AGENCY COUNSEL,ACTIVE,160038,per Annum,1820,154558.05,0,0,0,84.92,FALSE
2025,463,COMMUNITY COLLEGE (BRONX),2/3/2014,QUEENS,EOC CUSTODIAL ASSISTANT,ACTIVE,42319,per Annum,2080,46234.63,0,0,3000,22.23,FALSE
2025,463,COMMUNITY COLLEGE (BRONX),8/5/2013,QUEENS,IT ASSISTANT,ACTIVE,63918,per Annum,1820,69230.66,97,4178.85,3009.36,38.04,FALSE
2025,463,COMMUNITY COLLEGE (BRONX),1/7/2019,QUEENS,HIGHER EDUCATION ASSISTANT,ACTIVE,70238,per Annum,1820,68866.31,0,0,3000,37.84,FALSE
2025,463,COMMUNITY COLLEGE (BRONX),8/25/2023,QUEENS,ASSISTANT PROFESSOR,ACTIVE,79188,per Annum,260,77008.18,0,0,4500,296.19,FALSE
2025,463,COMMUNITY COLLEGE (BRONX),9/1/2015,QUEENS,HIGHER EDUCATION ASSISTANT,ACTIVE,90375,per Annum,1820,90122.03,0,0,3000,49.52,FALSE
2025,463,COMMUNITY COLLEGE (BRONX),2/1/2016,QUEENS,HIGHER EDUCATION ASSISTANT,ACTIVE,90375,per Annum,1820,88160.15,0,0,3000,48.44,FALSE
2025,463,COMMUNITY COLLEGE (BRONX),1/29/2004,QUEENS,LECTURER,ACTIVE,92878,per Annum,260,92617.88,0,0,3000,356.22,FALSE
2025,463,COMMUNITY COLLEGE (BRONX),8/26/2015,QUEENS,PROFESSOR,ACTIVE,96602,per Annum,260,90195.22,0,0,5000,346.9,FALSE
2025,463,COMMUNITY COLLEGE (BRONX),8/26/2015,QUEENS,PROFESSOR,ACTIVE,96602,per Annum,260,94857.79,0,0,8600,364.84,FALSE
2025,463,COMMUNITY COLLEGE (BRONX),1/29/2016,QUEENS,ASSOCIATE PROFESSOR,ACTIVE,104057,per Annum,260,101804.95,0,0,3000,391.56,FALSE
2025,463,COMMUNITY COLLEGE (BRONX),7/1/1987,QUEENS,HIGHER EDUCATION OFFICER,ACTIVE,141858,per Annum,1820,141460.88,0,0,3000,77.73,FALSE
2025,468,COMMUNITY COLLEGE (HOSTOS),9/30/2013,BRONX,MAIL/MESSAGE SERVICES WORKER,ACTIVE,37840,per Annum,1820,41982.36,12.75,288.54,3628.06,23.07,FALSE
2025,468,COMMUNITY COLLEGE (HOSTOS),5/28/2024,BRONX,CUNY CUSTODIAL ASSISTANT,ACTIVE,39922,per Annum,2080,37468.81,28.75,799.55,1512.93,18.01,FALSE
2025,468,COMMUNITY COLLEGE (HOSTOS),5/20/2019,BRONX,CUNY OFFICE ASSISTANT,ACTIVE,43582,per Annum,1820,48233.13,0,0,3000,26.5,FALSE
2025,468,COMMUNITY COLLEGE (HOSTOS),7/9/2018,BRONX,CUNY OFFICE ASSISTANT,ACTIVE,45249,per Annum,1820,49969.42,0,0,3000,27.46,FALSE
2025,468,COMMUNITY COLLEGE (HOSTOS),1/4/2023,BRONX,IT ASSISTANT,ACTIVE,63918,per Annum,1820,62435.61,8.5,276.99,3000,34.31,FALSE
2025,468,COMMUNITY COLLEGE (HOSTOS),1/27/2020,BRONX,HIGHER EDUCATION ASSISTANT,ACTIVE,79188,per Annum,1820,77008.18,0,0,3000,42.31,FALSE
2025,468,COMMUNITY COLLEGE (HOSTOS),9/2/2014,BRONX,ASSISTANT TO HEO,ACTIVE,81712,per Annum,1820,79807.42,0,0,3000,43.85,FALSE
2025,468,COMMUNITY COLLEGE (HOSTOS),8/25/2017,BRONX,LECTURER/DOCTORAL SCHEDULE,ACTIVE,88998,per Annum,1820,88748.79,0,0,3000,48.76,FALSE
2025,468,COMMUNITY COLLEGE (HOSTOS),9/1/1994,BRONX,ASSISTANT PROFESSOR,ACTIVE,99532,per Annum,260,99253.45,0,0,3000,381.74,FALSE
2025,468,COMMUNITY COLLEGE (HOSTOS),9/1/2004,BRONX,PROFESSOR,ACTIVE,129310,per Annum,260,126500.23,0,0,3000,486.54,FALSE
2025,468,COMMUNITY COLLEGE (HOSTOS),9/1/2004,BRONX,PROFESSOR,ACTIVE,132987,per Annum,260,132614.66,0,0,3793.9,510.06,FALSE
2025,468,COMMUNITY COLLEGE (HOSTOS),1/11/2021,BRONX,HIGHER EDUCATION OFFICER,ACTIVE,141858,per Annum,1820,142212.26,0,0,3000,78.14,FALSE
2025,465,COMMUNITY COLLEGE (KINGSBORO),5/24/2021,BROOKLYN,CUNY CUSTODIAL ASSISTANT,ACTIVE,41163,per Annum,2080,42970.48,35,1033.22,4022.64,20.66,FALSE
2025,465,COMMUNITY COLLEGE (KINGSBORO),8/21/2023,BROOKLYN,CUNY CUSTODIAL ASSISTANT,ACTIVE,41163,per Annum,2080,42831.75,36,1097.3,3000,20.59,FALSE
2025,465,COMMUNITY COLLEGE (KINGSBORO),9/4/2007,BROOKLYN,CUNY OFFICE ASSISTANT,ACTIVE,46584,per Annum,1820,51173.27,0,0,3140.06,28.12,FALSE
2025,465,COMMUNITY COLLEGE (KINGSBORO),10/8/2021,BROOKLYN,CAMPUS PEACE OFFICER,ACTIVE,52799,per Annum,552,16368.3,109,3796.42,3374.48,29.65,FALSE
2025,465,COMMUNITY COLLEGE (KINGSBORO),9/24/1998,BROOKLYN,IT ASSISTANT,ACTIVE,72504,per Annum,1820,76241.36,90,3468.75,6282.68,41.89,FALSE
2025,465,COMMUNITY COLLEGE (KINGSBORO),11/8/2017,BROOKLYN,SENIOR COLLEGE LAB TECH,ACTIVE,77433,per Annum,1820,76425.19,0,0,3500,41.99,FALSE
2025,465,COMMUNITY COLLEGE (KINGSBORO),9/3/2012,BROOKLYN,SENIOR COLLEGE LAB TECH,ACTIVE,81246,per Annum,1820,79012.93,0,0,3000,43.41,FALSE
2025,465,COMMUNITY COLLEGE (KINGSBORO),9/1/2022,BROOKLYN,LECTURER/DOCTORAL SCHEDULE,ACTIVE,82102,per Annum,1820,80665.62,0,0,6952,44.32,FALSE
2025,465,COMMUNITY COLLEGE (KINGSBORO),2/1/2010,BROOKLYN,ASSISTANT PROFESSOR,ACTIVE,90375,per Annum,260,90122.03,0,0,8700,346.62,FALSE
2025,465,COMMUNITY COLLEGE (KINGSBORO),9/25/2017,BROOKLYN,HIGHER EDUCATION ASSISTANT,ACTIVE,90375,per Annum,1365,69323.22,0,0,3000,50.79,FALSE
2025,465,COMMUNITY COLLEGE (KINGSBORO),8/5/2013,BROOKLYN,HIGHER EDUCATION ASSISTANT,ACTIVE,93134,per Annum,1820,92873.19,0,0,3000,51.03,FALSE
2025,465,COMMUNITY COLLEGE (KINGSBORO),12/6/2004,BROOKLYN,HIGHER EDUCATION ASSISTANT,ACTIVE,99532,per Annum,1820,95888.23,0,0,3000,52.69,FALSE
2025,465,COMMUNITY COLLEGE (KINGSBORO),7/1/2006,BROOKLYN,HIGHER EDUCATION ASSOCIATE,ACTIVE,117805,per Annum,1820,113573.66,0,0,3000,62.4,FALSE
2025,465,COMMUNITY COLLEGE (KINGSBORO),2/2/2004,BROOKLYN,PROFESSOR,ACTIVE,129310,per Annum,260,128948.09,0,0,3400,495.95,FALSE
2025,465,COMMUNITY COLLEGE (KINGSBORO),9/1/2009,BROOKLYN,PROFESSOR,ACTIVE,129310,per Annum,260,128948.09,0,0,7650,495.95,FALSE
2025,469,COMMUNITY COLLEGE (LAGUARDIA),8/21/2023,QUEENS,CUNY OFFICE ASSISTANT,ACTIVE,38568,per Annum,1820,39201.46,55,1478.49,3000,21.54,FALSE
2025,469,COMMUNITY COLLEGE (LAGUARDIA),12/3/2018,QUEENS,CAMPUS SECURITY ASSISTANT,ACTIVE,40708,per Annum,2080,50306.92,268.5,9611.64,11626.87,24.19,FALSE
2025,469,COMMUNITY COLLEGE (LAGUARDIA),12/23/1996,QUEENS,CUNY OFFICE ASSISTANT,ACTIVE,54698,per Annum,1820,60665.25,0,0,4317.89,33.33,FALSE
2025,469,COMMUNITY COLLEGE (LAGUARDIA),2/14/2013,QUEENS,ASSISTANT TO HEO,ACTIVE,60394,per Annum,1820,60161.98,0,0,3000,33.06,FALSE
2025,469,COMMUNITY COLLEGE (LAGUARDIA),5/6/2013,QUEENS,CUNY ADMINISTRATOR ASSISTANT,ACTIVE,60440,per Annum,1820,67055.37,0,0,3412.98,36.84,FALSE
2025,469,COMMUNITY COLLEGE (LAGUARDIA),2/26/2016,QUEENS,CAMPUS PUBLIC SAFETY SERGEANT,ACTIVE,66803,per Annum,1600,59155.62,95.25,4936.62,5135.52,36.97,FALSE
2025,469,COMMUNITY COLLEGE (LAGUARDIA),10/2/2013,QUEENS,LECTURER,ACTIVE,76870,per Annum,260,75447.7,0,0,3500,290.18,FALSE
2025,469,COMMUNITY COLLEGE (LAGUARDIA),9/1/2015,QUEENS,LECTURER,ACTIVE,76870,per Annum,260,75447.7,0,0,3899.6,290.18,FALSE
2025,469,COMMUNITY COLLEGE (LAGUARDIA),8/27/2018,QUEENS,HIGHER EDUCATION ASSISTANT,ACTIVE,86645,per Annum,1820,84447.4,0,0,3000,46.4,FALSE
2025,469,COMMUNITY COLLEGE (LAGUARDIA),9/1/2014,QUEENS,ASSOCIATE PROFESSOR,ACTIVE,107789,per Annum,260,107487.16,0,0,3900,413.41,FALSE
2025,469,COMMUNITY COLLEGE (LAGUARDIA),1/4/2006,QUEENS,PROFESSOR,ACTIVE,129310,per Annum,260,128948.09,0,0,3900,495.95,FALSE
2025,469,COMMUNITY COLLEGE (LAGUARDIA),9/1/2014,QUEENS,PROFESSOR,ACTIVE,129310,per Annum,260,126500.23,0,0,9150,486.54,FALSE
2025,469,COMMUNITY COLLEGE (LAGUARDIA),2/8/2021,QUEENS,VICE PRESIDENT,ACTIVE,188700,per Annum,1820,188171.76,0,0,1000,103.39,FALSE
2025,466,COMMUNITY COLLEGE (MANHATTAN),2/21/2012,MANHATTAN,CUNY CUSTODIAL ASSISTANT,ACTIVE,41163,per Annum,2080,45668.69,100,3232.03,5529.4,21.96,FALSE
2025,466,COMMUNITY COLLEGE (MANHATTAN),3/18/2019,MANHATTAN,CUNY CUSTODIAL ASSISTANT,ACTIVE,41163,per Annum,2080,44836.84,303.67,10136.91,5307.53,21.56,FALSE
2025,466,COMMUNITY COLLEGE (MANHATTAN),12/18/2018,MANHATTAN,CUNY OFFICE ASSISTANT,ACTIVE,45386,per Annum,1820,50107.61,0,0,3000,27.53,FALSE
2025,466,COMMUNITY COLLEGE (MANHATTAN),8/15/2022,MANHATTAN,HIGHER EDUCATION ASSISTANT,ACTIVE,72667,per Annum,1820,71186.02,0,0,3000,39.11,FALSE
2025,466,COMMUNITY COLLEGE (MANHATTAN),11/10/2004,MANHATTAN,COLLEGE PRINT SHOP SPECIALIST,ACTIVE,73992,per Annum,1820,80382.52,66.75,3360.69,20525.62,44.17,FALSE
2025,466,COMMUNITY COLLEGE (MANHATTAN),1/27/2020,MANHATTAN,LECTURER,ACTIVE,76870,per Annum,260,75447.7,0,0,3400,290.18,FALSE
2025,466,COMMUNITY COLLEGE (MANHATTAN),8/27/2014,MANHATTAN,LECTURER,ACTIVE,81466,per Annum,260,80030.29,0,0,3400,307.81,FALSE
2025,466,COMMUNITY COLLEGE (MANHATTAN),8/26/2015,MANHATTAN,LECTURER,ACTIVE,83764,per Annum,260,83529.6,0,0,3900,321.27,FALSE
2025,466,COMMUNITY COLLEGE (MANHATTAN),2/13/2017,MANHATTAN,CUNY START INSTRUCTOR,ACTIVE,83764,per Annum,260,83529.6,0,0,3000,321.27,FALSE
2025,466,COMMUNITY COLLEGE (MANHATTAN),8/27/2007,MANHATTAN,LECTURER,ACTIVE,87004,per Annum,260,86760.43,0,0,3800,333.69,FALSE
2025,466,COMMUNITY COLLEGE (MANHATTAN),2/9/2015,MANHATTAN,HIGHER EDUCATION ASSOCIATE,ACTIVE,100329,per Annum,1610,88422.04,0,0,2230.35,54.92,FALSE
2025,466,COMMUNITY COLLEGE (MANHATTAN),8/27/2014,MANHATTAN,ASSOCIATE PROFESSOR,ACTIVE,100329,per Annum,260,98087.87,0,0,3800,377.26,FALSE
2025,466,COMMUNITY COLLEGE (MANHATTAN),8/27/2014,MANHATTAN,ASSOCIATE PROFESSOR,ACTIVE,107789,per Annum,260,107487.16,0,0,6493.16,413.41,FALSE
2025,466,COMMUNITY COLLEGE (MANHATTAN),1/28/2013,MANHATTAN,PROFESSOR,ACTIVE,129310,per Annum,260,126500.23,0,0,3000,486.54,FALSE
2025,466,COMMUNITY COLLEGE (MANHATTAN),8/27/2012,MANHATTAN,PROFESSOR,ACTIVE,129310,per Annum,260,126500.23,0,0,3800,486.54,FALSE
2025,466,COMMUNITY COLLEGE (MANHATTAN),1/28/2010,MANHATTAN,PROFESSOR,ACTIVE,129310,per Annum,260,126500.23,0,0,3400,486.54,FALSE
2025,466,COMMUNITY COLLEGE (MANHATTAN),9/1/2004,MANHATTAN,PROFESSOR,ACTIVE,132987,per Annum,260,130680.74,0,0,45063.14,502.62,FALSE
2025,466,COMMUNITY COLLEGE (MANHATTAN),2/1/2000,MANHATTAN,PROFESSOR,ACTIVE,141858,per Annum,260,129801.16,0,0,29713.5,499.24,FALSE
2025,466,COMMUNITY COLLEGE (MANHATTAN),3/11/2024,MANHATTAN,VICE PRESIDENT,ACTIVE,200000,per Annum,1820,199440,0,0,0,109.58,FALSE
2025,464,COMMUNITY COLLEGE (QUEENSBORO),5/18/2015,QUEENS,CAMPUS PUBLIC SAFETY SERGEANT,ACTIVE,66803,per Annum,2080,73561.45,312,16498.91,7757.1,35.37,FALSE
2025,464,COMMUNITY COLLEGE (QUEENSBORO),10/15/2003,QUEENS,SENIOR COLLEGE LAB TECH,ACTIVE,81246,per Annum,1820,81018.42,0,0,3000,44.52,FALSE
2025,464,COMMUNITY COLLEGE (QUEENSBORO),3/12/2018,QUEENS,HIGHER EDUCATION ASSISTANT,ACTIVE,82928,per Annum,1820,82614.09,0,0,3000,45.39,FALSE
2025,464,COMMUNITY COLLEGE (QUEENSBORO),5/13/2024,QUEENS,ASSISTANT PROFESSOR,ACTIVE,82928,per Annum,260,82695.83,0,0,3000,318.06,FALSE
2025,464,COMMUNITY COLLEGE (QUEENSBORO),1/27/2014,QUEENS,LECTURER,ACTIVE,87004,per Annum,190,66689.93,0,0,3047.67,351,FALSE
2025,464,COMMUNITY COLLEGE (QUEENSBORO),9/5/2008,QUEENS,LECTURER,ACTIVE,92878,per Annum,260,92617.88,0,0,3000,356.22,FALSE
2025,464,COMMUNITY COLLEGE (QUEENSBORO),9/13/2004,QUEENS,HIGHER EDUCATION ASSISTANT,ACTIVE,99532,per Annum,1820,99253.45,0,0,3000,54.53,FALSE
2025,464,COMMUNITY COLLEGE (QUEENSBORO),8/27/2012,QUEENS,ASSOCIATE PROFESSOR,ACTIVE,107789,per Annum,260,107487.16,0,0,6780,413.41,FALSE
2025,464,COMMUNITY COLLEGE (QUEENSBORO),2/5/2019,QUEENS,HIGHER EDUCATION OFFICER,ACTIVE,141858,per Annum,1820,141460.88,0,0,3000,77.73,FALSE
2025,866,CONSUMER AND WORKER PROTECTION,10/17/2005,MANHATTAN,CLERICAL ASSOCIATE MOST MAYORAL AG,ACTIVE,56426,per Annum,1820,54660.6,0,0,5696.53,30.03,FALSE
2025,866,CONSUMER AND WORKER PROTECTION,7/24/2017,MANHATTAN,CLERICAL ASSOCIATE MOST MAYORAL AG,ACTIVE,60710,per Annum,1820,58834.38,0,0,1088.63,32.33,FALSE
2025,866,CONSUMER AND WORKER PROTECTION,3/19/2012,MANHATTAN,ASSOCIATE INSPECTOR,ACTIVE,83101,per Annum,1820,80533.38,0,0,2475.51,44.25,FALSE
2025,866,CONSUMER AND WORKER PROTECTION,6/13/2022,MANHATTAN,AGENCY ATTORNEY,ACTIVE,95450,per Annum,1820,90886.86,0,0,3845.65,49.94,FALSE
2025,866,CONSUMER AND WORKER PROTECTION,2/23/1987,MANHATTAN,ASSOCIATE INSPECTOR,ACTIVE,108780,per Annum,1820,105395.54,0,0,3523.22,57.91,FALSE
2025,125,DEPARTMENT FOR THE AGING,8/31/2015,MANHATTAN,COMMUNITY COORDINATOR,ACTIVE,72298,per Annum,1820,65466.41,0,0,0,35.97,FALSE
2025,125,DEPARTMENT FOR THE AGING,7/6/2015,MANHATTAN,COMMUNITY COORDINATOR,ACTIVE,78082,per Annum,1820,75669.49,0,0,144.89,41.58,FALSE
2025,125,DEPARTMENT FOR THE AGING,7/11/2022,MANHATTAN,NUTRITION CONSULTANT,ACTIVE,82844,per Annum,1820,79551.1,0,0,769.78,43.71,FALSE
2025,125,DEPARTMENT FOR THE AGING,9/12/2022,MANHATTAN,ADMINISTRATIVE SUPERVISOR OF BUILDING MAINTENANCE,ACTIVE,105523,per Annum,1820,101909.57,0,0,0,55.99,FALSE
2025,125,DEPARTMENT FOR THE AGING,5/29/2023,MANHATTAN,ADMINISTRATIVE STAFF ANALYST,ACTIVE,111625,per Annum,1820,110544.39,0,0,4926.96,60.74,FALSE
2025,810,DEPARTMENT OF BUILDINGS,1/17/2023,MANHATTAN,CLERICAL ASSOCIATE MOST MAYORAL AG,ACTIVE,43899,per Annum,1820,42542.52,0,0,0,23.38,FALSE
2025,810,DEPARTMENT OF BUILDINGS,6/17/2024,MANHATTAN,CLERICAL ASSOCIATE MOST MAYORAL AG,ACTIVE,48631,per Annum,1820,46981.31,0,0,0,25.81,FALSE
2025,810,DEPARTMENT OF BUILDINGS,5/20/2019,MANHATTAN,CLERICAL ASSOCIATE MOST MAYORAL AG,ACTIVE,48631,per Annum,1820,47128.38,0,0,1042.19,25.89,FALSE
2025,810,DEPARTMENT OF BUILDINGS,10/11/2022,MANHATTAN,CLERICAL ASSOCIATE MOST MAYORAL AG,ACTIVE,48631,per Annum,1820,47128.38,0,0,0,25.89,FALSE
2025,810,DEPARTMENT OF BUILDINGS,1/22/2002,BROOKLYN,COMMUNITY ASSOCIATE,ACTIVE,58241.64,per Annum,1820,56203.96,31,984.92,1491.26,30.88,FALSE
2025,810,DEPARTMENT OF BUILDINGS,1/5/2023,MANHATTAN,INSPECTOR CONSTRUCTION,ACTIVE,71581,per Annum,2080,69838.4,0,0,599.63,33.58,FALSE
2025,810,DEPARTMENT OF BUILDINGS,4/8/2024,MANHATTAN,INSPECTOR CONSTRUCTION,ACTIVE,71581,per Annum,2080,69050.55,0,0,207,33.2,FALSE
2025,810,DEPARTMENT OF BUILDINGS,7/17/2023,MANHATTAN,INSPECTOR CONSTRUCTION,ACTIVE,71581,per Annum,2080,69580.93,47,2345.52,494.39,33.45,FALSE
2025,810,DEPARTMENT OF BUILDINGS,10/16/2023,MANHATTAN,INSPECTOR CONSTRUCTION,ACTIVE,72012,per Annum,2080,69829.65,163.5,9107.25,8858.34,33.57,FALSE
2025,810,DEPARTMENT OF BUILDINGS,8/7/2023,MANHATTAN,AGENCY ATTORNEY INTERNE,ACTIVE,72510,per Annum,1820,70720.1,7.75,297.91,0,38.86,FALSE
2025,810,DEPARTMENT OF BUILDINGS,6/10/2019,MANHATTAN,INSPECTOR CONSTRUCTION,ACTIVE,74092,per Annum,2080,71984.33,0,0,2931.34,34.61,FALSE
2025,810,DEPARTMENT OF BUILDINGS,9/10/2018,MANHATTAN,INSPECTOR CONSTRUCTION,ACTIVE,74213,per Annum,2080,72069.89,88.33,4846.03,3725.46,34.65,FALSE
2025,810,DEPARTMENT OF BUILDINGS,3/20/2017,MANHATTAN,INSPECTOR CONSTRUCTION,ACTIVE,77445,per Annum,2080,75199.39,26.5,1488,3475.79,36.15,FALSE
2025,810,DEPARTMENT OF BUILDINGS,6/5/2023,MANHATTAN,COMMUNITY COORDINATOR,ACTIVE,78083,per Annum,1820,75670.3,41.5,1769.54,77.55,41.58,FALSE
2025,810,DEPARTMENT OF BUILDINGS,9/13/2021,MANHATTAN,ASSISTANT PLAN EXAMINER,ACTIVE,79731,per Annum,1820,75490.19,0,0,3501.21,41.48,FALSE
2025,810,DEPARTMENT OF BUILDINGS,8/14/2023,MANHATTAN,ASSISTANT PLAN EXAMINER,ACTIVE,79731,per Annum,1820,77267.33,17,866.48,145.77,42.45,FALSE
2025,810,DEPARTMENT OF BUILDINGS,1/13/2020,MANHATTAN,ASSISTANT PLAN EXAMINER,ACTIVE,79731,per Annum,1820,77267.33,0,0,800.25,42.45,FALSE
2025,810,DEPARTMENT OF BUILDINGS,5/22/2023,MANHATTAN,ASSISTANT PLAN EXAMINER,ACTIVE,79731,per Annum,1715,72824.33,0,0,171.13,42.46,FALSE
2025,810,DEPARTMENT OF BUILDINGS,3/20/2023,MANHATTAN,ASSISTANT PLAN EXAMINER,ACTIVE,79731,per Annum,1820,75738.23,0,0,222.06,41.61,FALSE
2025,810,DEPARTMENT OF BUILDINGS,3/13/2023,RICHMOND,ASSISTANT PLAN EXAMINER,ACTIVE,79731,per Annum,1820,77267.33,0,0,229.56,42.45,FALSE
2025,810,DEPARTMENT OF BUILDINGS,4/18/2022,MANHATTAN,INSPECTOR CONSTRUCTION,ACTIVE,81533,per Annum,2080,70344.37,0,0,1675.35,33.82,FALSE
2025,810,DEPARTMENT OF BUILDINGS,9/13/2021,MANHATTAN,INSPECTOR PLUMBING,ACTIVE,81546,per Annum,2080,79257.56,62,3650.88,1687.44,38.1,FALSE
2025,810,DEPARTMENT OF BUILDINGS,6/19/2017,MANHATTAN,INSPECTOR CONSTRUCTION,ACTIVE,81703,per Annum,2080,79350.27,72.25,4355.28,3946.6,38.15,FALSE
2025,810,DEPARTMENT OF BUILDINGS,12/19/2016,MANHATTAN,INSPECTOR CONSTRUCTION,ACTIVE,81759,per Annum,2080,79392.63,163,9725.76,3475.85,38.17,FALSE
2025,810,DEPARTMENT OF BUILDINGS,12/19/2016,MANHATTAN,INSPECTOR CONSTRUCTION,ACTIVE,81830,per Annum,2080,79461.88,8,473.61,3475.85,38.2,FALSE
2025,810,DEPARTMENT OF BUILDINGS,8/15/2016,MANHATTAN,ASSISTANT PLAN EXAMINER,ACTIVE,89479,per Annum,1820,86713.98,0,-2.55,6102.15,47.65,FALSE
2025,810,DEPARTMENT OF BUILDINGS,6/20/2016,QUEENS,ASSISTANT PLAN EXAMINER,ACTIVE,93015,per Annum,1484,73557.69,3.25,165.39,2525.4,49.57,FALSE
2025,810,DEPARTMENT OF BUILDINGS,3/2/2020,MANHATTAN,AGENCY ATTORNEY,ACTIVE,95450,per Annum,1820,93093.79,0,0,5504.9,51.15,FALSE
2025,810,DEPARTMENT OF BUILDINGS,10/24/2022,MANHATTAN,AGENCY ATTORNEY,ACTIVE,95450,per Annum,1820,83461.81,0,0,1667.09,45.86,FALSE
2025,810,DEPARTMENT OF BUILDINGS,10/24/2016,MANHATTAN,ASSOCIATE STAFF ANALYST,ACTIVE,100112,per Annum,1820,99171.67,0,0,0,54.49,FALSE
2025,810,DEPARTMENT OF BUILDINGS,1/30/1989,MANHATTAN,COMPUTER ASSOCIATE,ACTIVE,101415,per Annum,1820,99654.99,0,0,4706.33,54.76,FALSE
2025,810,DEPARTMENT OF BUILDINGS,5/31/2022,RICHMOND,CIVIL ENGINEER,ACTIVE,107656,per Annum,1820,104329.53,10,630.05,372.23,57.32,FALSE
2025,810,DEPARTMENT OF BUILDINGS,1/22/2007,BROOKLYN,CIVIL ENGINEER,ACTIVE,109201,per Annum,1820,105835.53,0,0,10198.68,58.15,FALSE
2025,810,DEPARTMENT OF BUILDINGS,9/29/2014,MANHATTAN,COMPUTER SYSTEMS MANAGER,ACTIVE,118281,per Annum,1820,114626.85,0,0,0,62.98,FALSE
2025,810,DEPARTMENT OF BUILDINGS,4/16/2007,QUEENS,ADMINISTRATIVE ENGINEER,ACTIVE,124836,per Annum,1820,120979.57,0,0,307.03,66.47,FALSE
2025,810,DEPARTMENT OF BUILDINGS,12/1/1997,MANHATTAN,ADMINISTRATIVE STAFF ANALYST,ACTIVE,128296,per Annum,1820,126363.79,0,0,3185.41,69.43,FALSE
2025,810,DEPARTMENT OF BUILDINGS,8/15/2005,MANHATTAN,COMPUTER SPECIALIST,ACTIVE,128414,per Annum,1820,124424.26,0,0,6350.72,68.36,FALSE
2025,810,DEPARTMENT OF BUILDINGS,10/20/2014,MANHATTAN,ADM MANAGER-NON-MGRL,ACTIVE,137698,per Annum,1820,135313.47,0,0,3313.97,74.35,FALSE
2025,810,DEPARTMENT OF BUILDINGS,10/15/2019,MANHATTAN,EXECUTIVE AGENCY COUNSEL,ACTIVE,141446,per Annum,1820,107994.62,0,0,3570.24,59.34,FALSE
2025,810,DEPARTMENT OF BUILDINGS,11/19/2012,MANHATTAN,ADMINISTRATIVE ENGINEER,ACTIVE,143284,per Annum,1820,138857.31,0,0,171.28,76.3,FALSE
2025,810,DEPARTMENT OF BUILDINGS,11/17/2014,MANHATTAN,ADMINISTRATIVE ARCHITECT,ACTIVE,182700,per Annum,1820,176444.22,0,0,0,96.95,FALSE
2025,801,DEPARTMENT OF BUSINESS SERV.,4/3/2023,MANHATTAN,COMMUNITY COORDINATOR,ACTIVE,78868,per Annum,1820,76430.96,0,0,3000,42,FALSE
2025,801,DEPARTMENT OF BUSINESS SERV.,3/2/2020,MANHATTAN,COMMUNITY COORDINATOR,ACTIVE,90395,per Annum,1820,87602.47,0,0,0,48.13,FALSE
2025,801,DEPARTMENT OF BUSINESS SERV.,4/17/2000,MANHATTAN,ADM MANAGER-NON-MGRL,ACTIVE,103468,per Annum,1820,101672.67,0,0,3313.97,55.86,FALSE
2025,801,DEPARTMENT OF BUSINESS SERV.,9/30/2019,MANHATTAN,CERTIFIED IT DEVELOPER,ACTIVE,159521,per Annum,1820,154563.25,0,0,5498.01,84.92,FALSE
2025,801,DEPARTMENT OF BUSINESS SERV.,7/17/2023,MANHATTAN,DEPUTY COMMISSIONER,ACTIVE,246817,per Annum,1820,237082.48,0,0,0,130.27,FALSE
2025,30,DEPARTMENT OF CITY PLANNING,1/3/2023,MANHATTAN,CITY RESEARCH SCIENTIST,ACTIVE,81991,per Annum,1820,79457.58,0,0,418.57,43.66,FALSE
2025,30,DEPARTMENT OF CITY PLANNING,9/21/1987,MANHATTAN,CITY PLANNER,ACTIVE,102836,per Annum,1820,99666.95,0,0,8666.33,54.76,FALSE
2025,72,DEPARTMENT OF CORRECTION,1/10/2006,QUEENS,INSTITUTIONAL AIDE,ACTIVE,46282,per Annum,2080,44828.4,173.75,6115.87,6596.69,21.55,FALSE
2025,72,DEPARTMENT OF CORRECTION,10/30/2017,QUEENS,SUPERVISOR OF STOCK WORKERS,ACTIVE,50593,per Annum,1820,47949.92,0,0,1661.4,26.35,FALSE
2025,72,DEPARTMENT OF CORRECTION,5/19/2008,QUEENS,*SENIOR COOK,ACTIVE,50703,per Annum,2080,48773.82,153.25,6235.27,10279.76,23.45,FALSE
2025,72,DEPARTMENT OF CORRECTION,4/9/2018,QUEENS,MOTOR VEHICLE OPERATOR,ACTIVE,58020,per Annum,1758.85,47949.51,240.5,10131.08,18314.36,27.26,FALSE
2025,72,DEPARTMENT OF CORRECTION,10/19/2023,QUEENS,CORRECTION OFFICER,ACTIVE,59629,per Annum,2080,51361.41,845,35940.9,5140.13,24.69,FALSE
2025,72,DEPARTMENT OF CORRECTION,7/20/2023,QUEENS,CORRECTION OFFICER,ACTIVE,59629,per Annum,2080,58332.77,902.7,39051.03,5382.97,28.04,FALSE
2025,72,DEPARTMENT OF CORRECTION,6/23/2022,QUEENS,CORRECTION OFFICER,ACTIVE,64314,per Annum,2080,65384.55,925.82,43793.41,4448.86,31.43,FALSE
2025,72,DEPARTMENT OF CORRECTION,6/23/2022,QUEENS,CORRECTION OFFICER,ACTIVE,64314,per Annum,1557.72,50676.24,99.63,5952.66,1862.98,32.53,FALSE
2025,72,DEPARTMENT OF CORRECTION,6/23/2022,QUEENS,CORRECTION OFFICER,ACTIVE,64314,per Annum,1480,48139.18,627,29991.64,3569.68,32.53,FALSE
2025,72,DEPARTMENT OF CORRECTION,10/16/2023,QUEENS,INVESTIGATOR,ACTIVE,67595,per Annum,1820,63748.45,55,2119.55,1460.77,35.03,FALSE
2025,72,DEPARTMENT OF CORRECTION,3/28/2016,QUEENS,SOCIAL WORKER,ACTIVE,68263,per Annum,1820,66034.16,0,0,5355.54,36.28,FALSE
2025,72,DEPARTMENT OF CORRECTION,10/22/2018,QUEENS,CHAPLAIN,ACTIVE,69413,per Annum,1820,66754.04,0,0,2572.06,36.68,FALSE
2025,72,DEPARTMENT OF CORRECTION,2/13/2017,QUEENS,STAFF ANALYST,ACTIVE,69631,per Annum,1820,68962.14,20.25,771.77,23.81,37.89,FALSE
2025,72,DEPARTMENT OF CORRECTION,10/21/2021,QUEENS,CORRECTION OFFICER,ACTIVE,70993,per Annum,2080,67172.56,416.37,21190.98,4215.78,32.29,FALSE
2025,72,DEPARTMENT OF CORRECTION,11/14/2016,QUEENS,ASSOCIATE CORRECTIONAL COUNSELOR,ACTIVE,74902,per Annum,1820,72587.56,0,0,869.1,39.88,FALSE
2025,72,DEPARTMENT OF CORRECTION,7/9/2007,QUEENS,PROGRAM SPECIALIST  CORRECTION,ACTIVE,80362,per Annum,1865,79797.8,0,1.57,2038.32,42.79,FALSE
2025,72,DEPARTMENT OF CORRECTION,12/13/2021,QUEENS,ASSOCIATE CORRECTIONAL COUNSELOR,ACTIVE,80362,per Annum,1820,75931.2,0,0,1732.75,41.72,FALSE
2025,72,DEPARTMENT OF CORRECTION,9/12/2022,QUEENS,PROGRAM SPECIALIST  CORRECTION,ACTIVE,81510,per Annum,1820,78991.38,1026,64042.3,7982.8,43.4,FALSE
2025,72,DEPARTMENT OF CORRECTION,2/13/2023,QUEENS,IT AUTOMATION AND MONITORING ENGINEER,ACTIVE,82154,per Annum,1820,79615.68,0,0,0,43.74,FALSE
2025,72,DEPARTMENT OF CORRECTION,6/19/2017,QUEENS,STAFF ANALYST,ACTIVE,88943,per Annum,1702,79203.95,220.5,11217.4,0,46.54,FALSE
2025,72,DEPARTMENT OF CORRECTION,9/18/2023,QUEENS,CORRECTIONAL STANDARDS REVIEW SPECIALIST,ACTIVE,95713,per Annum,1820,92755.71,191.75,11785.79,468.68,50.96,FALSE
2025,72,DEPARTMENT OF CORRECTION,1/14/2016,QUEENS,CAPTAIN,ACTIVE,103677,per Annum,2080,109492.39,603.75,51287.74,13530.46,52.64,FALSE
2025,72,DEPARTMENT OF CORRECTION,8/6/2015,QUEENS,CAPTAIN,ACTIVE,103677,per Annum,2080,112713.49,89.25,11206.08,14163.89,54.19,FALSE
2025,72,DEPARTMENT OF CORRECTION,2/11/2019,QUEENS,CORRECTION OFFICER,ACTIVE,105146,per Annum,2080,104214.02,902.17,76944.09,16759.97,50.1,FALSE
2025,72,DEPARTMENT OF CORRECTION,6/27/2016,QUEENS,CORRECTION OFFICER,ACTIVE,105146,per Annum,2080,112329.03,0,768.12,10522.38,54,FALSE
2025,72,DEPARTMENT OF CORRECTION,3/8/2007,BRONX,CORRECTION OFFICER,ACTIVE,105146,per Annum,2080,113015.87,1452.62,135654.32,21736.59,54.33,FALSE
2025,72,DEPARTMENT OF CORRECTION,6/27/2016,QUEENS,CORRECTION OFFICER,ACTIVE,105146,per Annum,2080,83526.9,230.22,21910.9,12184.83,40.16,FALSE
2025,72,DEPARTMENT OF CORRECTION,6/19/2017,BRONX,CORRECTION OFFICER,ACTIVE,105146,per Annum,2080,90899.24,283.72,26737.69,20489.46,43.7,FALSE
2025,72,DEPARTMENT OF CORRECTION,6/19/2017,QUEENS,CORRECTION OFFICER,ACTIVE,105146,per Annum,2080,112655.43,672.65,62262.79,19567.16,54.16,FALSE
2025,72,DEPARTMENT OF CORRECTION,11/20/2008,QUEENS,CORRECTION OFFICER,ACTIVE,105146,per Annum,2080,114194.63,1462.28,103930.32,19284.3,54.9,FALSE
2025,72,DEPARTMENT OF CORRECTION,5/26/2011,QUEENS,CORRECTION OFFICER,ACTIVE,105146,per Annum,2080,114123.88,685.25,56355.42,14358.15,54.87,FALSE
2025,72,DEPARTMENT OF CORRECTION,1/14/2016,QUEENS,CORRECTION OFFICER,ACTIVE,105146,per Annum,2080,113076.32,384.25,35996.37,14321.32,54.36,FALSE
2025,72,DEPARTMENT OF CORRECTION,11/20/2008,QUEENS,CORRECTION OFFICER,ACTIVE,105146,per Annum,2080,114194.63,769,67441.48,16476.7,54.9,FALSE
2025,72,DEPARTMENT OF CORRECTION,9/6/2012,QUEENS,CORRECTION OFFICER,ACTIVE,105146,per Annum,2080,107354,1203.87,102976.21,12504.42,51.61,FALSE
2025,72,DEPARTMENT OF CORRECTION,8/27/2009,MANHATTAN,CORRECTION OFFICER,ACTIVE,105146,per Annum,2080,114194.63,520.5,47361.91,19903.82,54.9,FALSE
2025,72,DEPARTMENT OF CORRECTION,1/8/2018,BRONX,CORRECTION OFFICER,ACTIVE,105146,per Annum,2080,108147.84,311.68,29877.82,27632.15,51.99,FALSE
2025,72,DEPARTMENT OF CORRECTION,1/3/2013,QUEENS,CORRECTION OFFICER,ACTIVE,105146,per Annum,2080,112651.64,729.5,67357.97,18570.06,54.16,FALSE
2025,72,DEPARTMENT OF CORRECTION,12/19/2016,QUEENS,CORRECTION OFFICER,ACTIVE,105146,per Annum,2080,111688.25,538,46407.68,12267.01,53.7,FALSE
2025,72,DEPARTMENT OF CORRECTION,6/1/2000,QUEENS,CORRECTION OFFICER,ACTIVE,105146,per Annum,2080,114194.63,1229.68,110136.95,18520.34,54.9,FALSE
2025,72,DEPARTMENT OF CORRECTION,6/27/2016,QUEENS,CORRECTION OFFICER,ACTIVE,105146,per Annum,2080,113620.48,363.8,36203.33,13611.85,54.63,FALSE
2025,72,DEPARTMENT OF CORRECTION,6/27/2016,QUEENS,CORRECTION OFFICER,ACTIVE,105146,per Annum,2080,114194.63,104,9441.54,13579.28,54.9,FALSE
2025,72,DEPARTMENT OF CORRECTION,12/7/2006,MANHATTAN,CORRECTION OFFICER,ACTIVE,105146,per Annum,2080,114194.63,1446.3,136811.24,21860.9,54.9,FALSE
2025,72,DEPARTMENT OF CORRECTION,4/26/2012,BRONX,CORRECTION OFFICER,ACTIVE,105146,per Annum,2080,114077.94,809.27,77626.98,20158.17,54.85,FALSE
2025,72,DEPARTMENT OF CORRECTION,12/19/2016,QUEENS,CORRECTION OFFICER,ACTIVE,105146,per Annum,2080,113956.84,431.65,38290.21,12378.98,54.79,FALSE
2025,72,DEPARTMENT OF CORRECTION,6/27/2016,QUEENS,CORRECTION OFFICER,ACTIVE,105146,per Annum,2080,108026.98,298.73,28818.64,16370.54,51.94,FALSE
2025,72,DEPARTMENT OF CORRECTION,5/8/2014,QUEENS,CORRECTION OFFICER,ACTIVE,105146,per Annum,2080,68256.97,596.48,48360.84,10399.39,32.82,FALSE
2025,72,DEPARTMENT OF CORRECTION,10/30/2014,QUEENS,CORRECTION OFFICER,ACTIVE,105146,per Annum,2080,98380.21,795.9,67024.75,28680.94,47.3,FALSE
2025,72,DEPARTMENT OF CORRECTION,11/9/2006,QUEENS,CORRECTION OFFICER,ACTIVE,105146,per Annum,2080,111862.66,118.57,12130.12,14624.92,53.78,FALSE
2025,72,DEPARTMENT OF CORRECTION,5/16/2013,QUEENS,CORRECTION OFFICER,ACTIVE,105146,per Annum,2080,114165.5,1124.75,102044.48,19822.63,54.89,FALSE
2025,72,DEPARTMENT OF CORRECTION,6/19/2017,QUEENS,CORRECTION OFFICER,ACTIVE,105146,per Annum,2080,103591.53,786.62,71327.14,17274.58,49.8,FALSE
2025,72,DEPARTMENT OF CORRECTION,5/17/1982,QUEENS,CORRECTION OFFICER,ACTIVE,105146,per Annum,2080,114194.63,79.25,7083.23,19668.88,54.9,FALSE
2025,72,DEPARTMENT OF CORRECTION,12/19/2016,QUEENS,CORRECTION OFFICER,ACTIVE,105146,per Annum,2080,113774.81,776,64628.82,13299.33,54.7,FALSE
2025,72,DEPARTMENT OF CORRECTION,2/11/2019,QUEENS,CORRECTION OFFICER,ACTIVE,105146,per Annum,2080,104487.77,899,76308.79,13618.71,50.23,FALSE
2025,72,DEPARTMENT OF CORRECTION,12/16/2010,QUEENS,CORRECTION OFFICER,ACTIVE,105146,per Annum,2080,98326.13,525.07,47800.81,14605.52,47.27,FALSE
2025,72,DEPARTMENT OF CORRECTION,2/23/2006,QUEENS,CORRECTION OFFICER,ACTIVE,105146,per Annum,2080,114194.63,1259.33,110182.87,16137.98,54.9,FALSE
2025,72,DEPARTMENT OF CORRECTION,11/3/2005,MANHATTAN,CORRECTION OFFICER,ACTIVE,105146,per Annum,2080,113931.62,761.97,72052.61,20819.5,54.77,FALSE
2025,72,DEPARTMENT OF CORRECTION,6/19/2017,QUEENS,CORRECTION OFFICER,ACTIVE,105146,per Annum,2080,113163.36,426,38380.69,13265.2,54.41,FALSE
2025,72,DEPARTMENT OF CORRECTION,1/14/2016,QUEENS,CORRECTION OFFICER,ACTIVE,105146,per Annum,2057.15,111477.14,338.9,30862.35,12519.15,54.19,FALSE
2025,72,DEPARTMENT OF CORRECTION,5/26/2011,QUEENS,CORRECTION OFFICER,ACTIVE,105146,per Annum,2080,101721.72,1521.9,132698.6,16738.62,48.9,FALSE
2025,72,DEPARTMENT OF CORRECTION,12/7/2006,BROOKLYN,CORRECTION OFFICER,ACTIVE,105146,per Annum,2080,114194.63,886.02,76228.19,15846.6,54.9,FALSE
2025,72,DEPARTMENT OF CORRECTION,8/6/2015,QUEENS,CORRECTION OFFICER,ACTIVE,105146,per Annum,2080,114194.63,905.93,76752.27,12018.52,54.9,FALSE
2025,72,DEPARTMENT OF CORRECTION,12/6/2004,QUEENS,CORRECTION OFFICER,ACTIVE,105146,per Annum,2080,111591.25,884.15,75707.12,16745.97,53.65,FALSE
2025,72,DEPARTMENT OF CORRECTION,3/8/2007,QUEENS,CORRECTION OFFICER,ACTIVE,105146,per Annum,2080,110076.16,76.28,7254.02,12564.69,52.92,FALSE
2025,72,DEPARTMENT OF CORRECTION,6/27/2016,QUEENS,CORRECTION OFFICER,ACTIVE,105146,per Annum,2080,111661.62,350.48,32156.46,14882.65,53.68,FALSE
2025,72,DEPARTMENT OF CORRECTION,12/19/2016,QUEENS,CORRECTION OFFICER,ACTIVE,105146,per Annum,2080,112642.51,1218.58,97895.13,13434.67,54.16,FALSE
2025,72,DEPARTMENT OF CORRECTION,12/16/2010,QUEENS,CORRECTION OFFICER,ACTIVE,105146,per Annum,2080,114194.63,465.25,38188.27,13017.93,54.9,FALSE
2025,72,DEPARTMENT OF CORRECTION,9/26/2013,QUEENS,CORRECTION OFFICER,ACTIVE,105146,per Annum,2080,112446.67,551.8,48167.98,12694.76,54.06,FALSE
2025,72,DEPARTMENT OF CORRECTION,5/16/2013,QUEENS,CORRECTION OFFICER,ACTIVE,105146,per Annum,2080,113720.97,924.98,79739.49,15743.32,54.67,FALSE
2025,72,DEPARTMENT OF CORRECTION,8/6/2015,BRONX,CORRECTION OFFICER,ACTIVE,105146,per Annum,2080,114182.41,761.75,67413.71,18640.69,54.9,FALSE
2025,72,DEPARTMENT OF CORRECTION,4/12/2007,QUEENS,CORRECTION OFFICER,ACTIVE,105146,per Annum,2080,113714.04,1235.92,112654.12,22404.57,54.67,FALSE
2025,72,DEPARTMENT OF CORRECTION,4/26/2012,QUEENS,CORRECTION OFFICER,ACTIVE,105146,per Annum,2080,114187.04,758.67,62555.52,14622.54,54.9,FALSE
2025,72,DEPARTMENT OF CORRECTION,1/8/2018,QUEENS,CORRECTION OFFICER,ACTIVE,105146,per Annum,2080,109852.7,525.72,52166.48,21792.54,52.81,FALSE
2025,72,DEPARTMENT OF CORRECTION,12/16/2010,MANHATTAN,CORRECTION OFFICER,ACTIVE,105146,per Annum,2080,114182.41,820.4,69401.94,12201.84,54.9,FALSE
2025,72,DEPARTMENT OF CORRECTION,4/26/2012,QUEENS,CORRECTION OFFICER,ACTIVE,105146,per Annum,2080,112896.06,790.9,75132.65,19937.71,54.28,FALSE
2025,72,DEPARTMENT OF CORRECTION,8/6/2015,MANHATTAN,CORRECTION OFFICER,ACTIVE,105146,per Annum,2080,113945.05,306.97,26015.46,18118.24,54.78,FALSE
2025,72,DEPARTMENT OF CORRECTION,9/26/2013,BRONX,CORRECTION OFFICER,ACTIVE,105146,per Annum,2080,114194.63,1115.5,97315.72,14067.82,54.9,FALSE
2025,72,DEPARTMENT OF CORRECTION,1/14/2016,QUEENS,CORRECTION OFFICER,ACTIVE,105146,per Annum,2080,114182.41,574.22,50356.01,12130.18,54.9,FALSE
2025,72,DEPARTMENT OF CORRECTION,12/19/2016,QUEENS,CORRECTION OFFICER,ACTIVE,105146,per Annum,2080,113906.34,945.67,85576.47,17392.66,54.76,FALSE
2025,72,DEPARTMENT OF CORRECTION,8/25/2011,QUEENS,CORRECTION OFFICER,ACTIVE,105146,per Annum,2080,114188.8,476.92,40017.09,12755.19,54.9,FALSE
2025,72,DEPARTMENT OF CORRECTION,1/8/2018,QUEENS,CORRECTION OFFICER,ACTIVE,105146,per Annum,2080,111747.44,17,3190.23,13639.46,53.72,FALSE
2025,72,DEPARTMENT OF CORRECTION,12/16/2010,QUEENS,CORRECTION OFFICER,ACTIVE,105146,per Annum,2080,105974.03,614.52,57197.3,19918.37,50.95,FALSE
2025,72,DEPARTMENT OF CORRECTION,10/5/2009,QUEENS,CORRECTION OFFICER,ACTIVE,105146,per Annum,2080,110662.95,548.02,46084.74,12682.58,53.2,FALSE
2025,72,DEPARTMENT OF CORRECTION,12/19/2016,QUEENS,CORRECTION OFFICER,ACTIVE,105146,per Annum,2080,112713.63,692.77,56638.46,12402.25,54.19,FALSE
2025,72,DEPARTMENT OF CORRECTION,8/6/2015,QUEENS,CORRECTION OFFICER,ACTIVE,105146,per Annum,2080,114032.29,327.57,30901.85,16258.87,54.82,FALSE
2025,72,DEPARTMENT OF CORRECTION,8/27/2009,QUEENS,CORRECTION OFFICER,ACTIVE,105146,per Annum,2080,99372.08,1221,102099.19,9152.81,47.78,FALSE
2025,72,DEPARTMENT OF CORRECTION,6/29/2006,QUEENS,CORRECTION OFFICER,ACTIVE,105146,per Annum,2080,108661.61,193.5,17849.74,14469.6,52.24,FALSE
2025,72,DEPARTMENT OF CORRECTION,12/7/2009,QUEENS,CORRECTION OFFICER,ACTIVE,105146,per Annum,2080,111745.61,795.05,72185.24,21805.29,53.72,FALSE
2025,72,DEPARTMENT OF CORRECTION,9/6/2012,QUEENS,CORRECTION OFFICER,ACTIVE,105146,per Annum,2080,113040.77,107,11323.47,12358.84,54.35,FALSE
2025,72,DEPARTMENT OF CORRECTION,8/6/2015,QUEENS,CORRECTION OFFICER,ACTIVE,105146,per Annum,2080,113779.8,730.5,61625.54,15572.42,54.7,FALSE
2025,72,DEPARTMENT OF CORRECTION,12/16/2004,QUEENS,CORRECTION OFFICER,ACTIVE,105146,per Annum,2080,111011.27,451.02,43519.13,21627.91,53.37,FALSE
2025,72,DEPARTMENT OF CORRECTION,10/30/2023,QUEENS,AGENCY ATTORNEY,ACTIVE,105165,per Annum,1820,102568.82,0,0,15013.55,56.36,FALSE
2025,72,DEPARTMENT OF CORRECTION,12/21/2015,QUEENS,DIRECTOR OF CORRECTIONAL STANDARDS REVIEW,ACTIVE,107380,per Annum,1820,103209.6,0,0,41.25,56.71,FALSE
2025,72,DEPARTMENT OF CORRECTION,5/16/2005,QUEENS,CASE MANAGEMENT NURSE,ACTIVE,112155,per Annum,1820,111151.48,36.75,3200.13,19915.05,61.07,FALSE
2025,72,DEPARTMENT OF CORRECTION,11/20/2008,QUEENS,CAPTAIN,ACTIVE,130260,per Annum,2080,119147.59,660,69941.63,20340.92,57.28,FALSE
2025,72,DEPARTMENT OF CORRECTION,2/28/2008,QUEENS,CAPTAIN,ACTIVE,130260,per Annum,2080,126136.3,134.5,14384.03,24339.76,60.64,FALSE
2025,72,DEPARTMENT OF CORRECTION,8/27/2009,QUEENS,CAPTAIN,ACTIVE,130260,per Annum,2080,110175.58,827.5,87532.48,20560.99,52.97,FALSE
2025,72,DEPARTMENT OF CORRECTION,8/27/2009,QUEENS,CAPTAIN,ACTIVE,130260,per Annum,2080,127873.55,594,63868.84,26499.69,61.48,FALSE
2025,72,DEPARTMENT OF CORRECTION,3/5/2015,BRONX,CAPTAIN,ACTIVE,130260,per Annum,2080,123632.33,834.75,84313.72,16751.36,59.44,FALSE
2025,72,DEPARTMENT OF CORRECTION,6/29/2006,QUEENS,CAPTAIN,ACTIVE,130260,per Annum,2080,127873.55,816.5,79918.75,15648.27,61.48,FALSE
2025,72,DEPARTMENT OF CORRECTION,11/20/2008,BROOKLYN,CAPTAIN,ACTIVE,130260,per Annum,2080,127873.55,1053.75,105565.73,16034.75,61.48,FALSE
2025,72,DEPARTMENT OF CORRECTION,12/16/2010,QUEENS,CAPTAIN,ACTIVE,130260,per Annum,2080,118961.27,887.75,94637.77,20129.11,57.19,FALSE
2025,72,DEPARTMENT OF CORRECTION,4/26/2012,QUEENS,CAPTAIN,ACTIVE,130260,per Annum,2080,123417.47,748.25,79089.68,23608.17,59.34,FALSE
2025,72,DEPARTMENT OF CORRECTION,6/26/2008,MANHATTAN,CAPTAIN,ACTIVE,130260,per Annum,2080,127873.55,1379.75,136130.38,15451.63,61.48,FALSE
2025,72,DEPARTMENT OF CORRECTION,1/3/2013,BRONX,CAPTAIN,ACTIVE,130260,per Annum,2080,127341.66,794.75,77103.05,17389.95,61.22,FALSE
2025,72,DEPARTMENT OF CORRECTION,10/11/2001,MANHATTAN,CAPTAIN,ACTIVE,130260,per Annum,2080,127873.55,2326.75,232420.78,25766.83,61.48,FALSE
2025,72,DEPARTMENT OF CORRECTION,11/1/2007,BRONX,CAPTAIN,ACTIVE,130260,per Annum,2080,123969.17,307.5,31116.72,14975.68,59.6,FALSE
2025,72,DEPARTMENT OF CORRECTION,11/3/2005,QUEENS,CAPTAIN,ACTIVE,130260,per Annum,2080,118230.07,799.25,80550.94,19734.89,56.84,FALSE
2025,72,DEPARTMENT OF CORRECTION,11/20/2008,QUEENS,CAPTAIN,ACTIVE,130260,per Annum,2080,122987.2,310,30885.79,19044.69,59.13,FALSE
2025,72,DEPARTMENT OF CORRECTION,6/9/2005,BRONX,CAPTAIN,ACTIVE,130260,per Annum,2080,127873.55,1488.48,150669.22,17375.01,61.48,FALSE
2025,72,DEPARTMENT OF CORRECTION,6/6/2002,QUEENS,CAPTAIN,ACTIVE,130260,per Annum,2080,127110.3,527.75,52413.29,20556.79,61.11,FALSE
2025,72,DEPARTMENT OF CORRECTION,11/2/2015,QUEENS,ADMINISTRATIVE PROCUREMENT ANALYST-NON-MGRL,ACTIVE,138083,per Annum,1820,134934.19,0,0,57.55,74.14,FALSE
2025,72,DEPARTMENT OF CORRECTION,7/11/2016,QUEENS,ADMINISTRATIVE STAFF ANALYST,ACTIVE,140987,per Annum,1820,139619.01,0,0,3185.41,76.71,FALSE
2025,72,DEPARTMENT OF CORRECTION,3/1/2011,QUEENS,ADMINISTRATIVE STAFF ANALYST,ACTIVE,148000,per Annum,1820,122940.66,0,0,6831.83,67.55,FALSE
2025,72,DEPARTMENT OF CORRECTION,6/29/2006,QUEENS,WARDEN-DEPUTY WARDEN TED < 11/1/92,ACTIVE,154716,per Annum,2080,155069.57,0,0,23446.51,74.55,FALSE
2025,72,DEPARTMENT OF CORRECTION,12/30/2013,QUEENS,ADMINISTRATIVE STAFF ANALYST,ACTIVE,155104,per Annum,1820,149845.63,0,0,492.46,82.33,FALSE
2025,72,DEPARTMENT OF CORRECTION,11/3/2005,QUEENS,WARDEN,ACTIVE,223972,per Annum,2080,191266.79,0,0,18561.71,91.96,FALSE
2025,740,DEPARTMENT OF EDUCATION ADMIN,8/8/2021,MANHATTAN,COMMUNITY ASSISTANT,ACTIVE,43353,per Annum,1820,42013.24,1,34.47,8.75,23.08,FALSE
2025,740,DEPARTMENT OF EDUCATION ADMIN,5/23/2010,MANHATTAN,COMMUNITY ASSISTANT,ACTIVE,48952,per Annum,1820,47417.28,29,1070.08,797.6,26.05,FALSE
2025,740,DEPARTMENT OF EDUCATION ADMIN,6/1/1998,MANHATTAN,CLERICAL ASSOCIATE MOST MAYORAL AG,ACTIVE,49345,per Annum,1820,47798.43,231.5,7446.48,5696.52,26.26,FALSE
2025,740,DEPARTMENT OF EDUCATION ADMIN,2/14/2023,MANHATTAN,COMMUNITY ASSOCIATE,ACTIVE,51094,per Annum,1750,35941.93,26.5,1082.26,2116,20.54,FALSE
2025,740,DEPARTMENT OF EDUCATION ADMIN,5/15/2016,MANHATTAN,CUSTOMER INFORMATION REPRESENTATIVE MA L 1549,ACTIVE,51094,per Annum,1820,49515.6,0,0,788.39,27.21,FALSE
2025,740,DEPARTMENT OF EDUCATION ADMIN,1/9/2017,MANHATTAN,COMMUNITY ASSOCIATE,ACTIVE,51094,per Annum,1820,49515.6,68.25,2319.41,83,27.21,FALSE
2025,740,DEPARTMENT OF EDUCATION ADMIN,12/6/2021,MANHATTAN,COMMUNITY ASSOCIATE,ACTIVE,51094,per Annum,1820,49515.6,5.25,213.31,84,27.21,FALSE
2025,740,DEPARTMENT OF EDUCATION ADMIN,10/3/2010,BRONX,COMMUNITY ASSOCIATE,ACTIVE,51094,per Annum,1750,41412.73,0,0,2066,23.66,FALSE
2025,740,DEPARTMENT OF EDUCATION ADMIN,10/13/2016,QUEENS,COMMUNITY ASSOCIATE,ACTIVE,51094,per Annum,1820,49515.6,199.25,8012.19,2248,27.21,FALSE
2025,740,DEPARTMENT OF EDUCATION ADMIN,10/1/2021,QUEENS,COMMUNITY ASSOCIATE,ACTIVE,51094,per Annum,980,26661.38,0,0,0,27.21,FALSE
2025,740,DEPARTMENT OF EDUCATION ADMIN,1/2/2014,QUEENS,COMMUNITY ASSOCIATE,ACTIVE,51094,per Annum,1820,49515.6,53,2153.35,2132,27.21,FALSE
2025,740,DEPARTMENT OF EDUCATION ADMIN,2/26/2019,MANHATTAN,COMMUNITY ASSOCIATE,ACTIVE,51094,per Annum,1820,49515.6,7.5,101.57,2024.75,27.21,FALSE
2025,740,DEPARTMENT OF EDUCATION ADMIN,9/7/2023,MANHATTAN,COMMUNITY ASSOCIATE,ACTIVE,51094,per Annum,1820,48579.44,0,0,0,26.69,FALSE
2025,740,DEPARTMENT OF EDUCATION ADMIN,11/17/2021,BROOKLYN,COMMUNITY ASSOCIATE,ACTIVE,51094,per Annum,1820,49515.6,15.25,396.71,2082.5,27.21,FALSE
2025,740,DEPARTMENT OF EDUCATION ADMIN,1/3/2022,MANHATTAN,COMMUNITY ASSOCIATE,ACTIVE,51094,per Annum,1820,48454.92,1.25,50.79,0,26.62,FALSE
2025,740,DEPARTMENT OF EDUCATION ADMIN,3/15/1989,MANHATTAN,COMMUNITY ASSOCIATE,ACTIVE,51348,per Annum,1820,48387.7,0,0,817.08,26.59,FALSE
2025,740,DEPARTMENT OF EDUCATION ADMIN,11/2/1987,MANHATTAN,CLERICAL ASSOCIATE MOST MAYORAL AG,ACTIVE,51928,per Annum,1820,50300.97,0,0,5696.52,27.64,FALSE
2025,740,DEPARTMENT OF EDUCATION ADMIN,11/7/2003,MANHATTAN,COMMUNITY ASSOCIATE,ACTIVE,52423,per Annum,1820,50781.19,5.25,222.19,880.1,27.9,FALSE
2025,740,DEPARTMENT OF EDUCATION ADMIN,9/8/2009,BRONX,COMMUNITY ASSOCIATE,ACTIVE,53789,per Annum,1820,52104.9,16.5,716.25,2855.35,28.63,FALSE
2025,740,DEPARTMENT OF EDUCATION ADMIN,10/5/2012,MANHATTAN,SCHOOL COMPUTER TECHNOLOGY SPECIALIST,ACTIVE,54408,per Annum,1820,52726.71,884,39309.92,5553.12,28.97,FALSE
2025,740,DEPARTMENT OF EDUCATION ADMIN,9/24/2021,BROOKLYN,COMMUNITY ASSOCIATE,ACTIVE,54671,per Annum,1820,50451.87,17,699.84,2074.25,27.72,FALSE
2025,740,DEPARTMENT OF EDUCATION ADMIN,10/17/2016,MANHATTAN,COMMUNITY ASSOCIATE,ACTIVE,54671,per Annum,1820,52981.78,8.25,358.65,2140.75,29.11,FALSE
2025,740,DEPARTMENT OF EDUCATION ADMIN,10/21/2021,MANHATTAN,COMMUNITY ASSOCIATE,ACTIVE,55864,per Annum,1820,54138.49,22.25,988.39,2099.5,29.75,FALSE
2025,740,DEPARTMENT OF EDUCATION ADMIN,8/4/2019,MANHATTAN,COMMUNITY ASSOCIATE,ACTIVE,56023,per Annum,1820,54292.62,415.25,16198.84,57.75,29.83,FALSE
2025,740,DEPARTMENT OF EDUCATION ADMIN,1/7/2024,QUEENS,SCHOOL COMPUTER TECHNOLOGY SPECIALIST,ACTIVE,56040,per Annum,1820,51905.57,3,92.02,60.25,28.52,FALSE
2025,740,DEPARTMENT OF EDUCATION ADMIN,9/30/2009,MANHATTAN,SCHOOL FOOD SERVICE MANAGER,ACTIVE,57142,per Annum,1820,54907.2,0,0,-2394.56,30.17,FALSE
2025,740,DEPARTMENT OF EDUCATION ADMIN,7/15/2018,MANHATTAN,SCHOOL FOOD SERVICE MANAGER,ACTIVE,57142,per Annum,1749,50012.99,39.5,596.49,100,28.6,FALSE
2025,740,DEPARTMENT OF EDUCATION ADMIN,12/12/2021,MANHATTAN,BOOKKEEPER,ACTIVE,57953,per Annum,1820,56162.61,32.5,1000.18,613.14,30.86,FALSE
2025,740,DEPARTMENT OF EDUCATION ADMIN,11/1/2017,MANHATTAN,COMMUNITY ASSOCIATE,ACTIVE,58491,per Annum,1820,56684.04,10.5,489.71,2000,31.15,FALSE
2025,740,DEPARTMENT OF EDUCATION ADMIN,11/7/2011,BROOKLYN,COMMUNITY ASSOCIATE,ACTIVE,59291,per Annum,1820,57459.4,1.75,82.51,2057.75,31.57,FALSE
2025,740,DEPARTMENT OF EDUCATION ADMIN,5/22/2006,MANHATTAN,COMMUNITY ASSOCIATE,ACTIVE,59330,per Annum,1820,57474.15,5.5,262.97,2822.85,31.58,FALSE
2025,740,DEPARTMENT OF EDUCATION ADMIN,8/20/2003,MANHATTAN,COMMUNITY ASSOCIATE,ACTIVE,59334,per Annum,1750,53017.82,3.25,155.41,2785.53,30.3,FALSE
2025,740,DEPARTMENT OF EDUCATION ADMIN,4/22/2018,MANHATTAN,TELECOMMUNICATIONS ASSOCIATE,ACTIVE,60265,per Annum,1820,41383.17,0,0,3927.7,22.74,FALSE
2025,740,DEPARTMENT OF EDUCATION ADMIN,8/20/2003,MANHATTAN,COMMUNITY ASSOCIATE,ACTIVE,60789,per Annum,1820,58888.05,2,97.95,2830.6,32.36,FALSE
2025,740,DEPARTMENT OF EDUCATION ADMIN,6/19/2011,MANHATTAN,COMMUNITY ASSOCIATE,ACTIVE,61850,per Annum,1820,59938.98,56.25,1923.45,2083,32.93,FALSE
2025,740,DEPARTMENT OF EDUCATION ADMIN,11/30/2005,WESTCHESTER,COMMUNITY ASSOCIATE,ACTIVE,61973,per Annum,1820,60035.7,9.75,486.68,2938.85,32.99,FALSE
2025,740,DEPARTMENT OF EDUCATION ADMIN,10/14/2003,MANHATTAN,COMMUNITY ASSOCIATE,ACTIVE,64368,per Annum,1820,62357.11,138,6543.47,3276.1,34.26,FALSE
2025,740,DEPARTMENT OF EDUCATION ADMIN,10/20/2003,QUEENS,COMMUNITY ASSOCIATE,ACTIVE,65202,per Annum,1820,63164.56,4.5,236.17,2797.6,34.71,FALSE
2025,740,DEPARTMENT OF EDUCATION ADMIN,9/21/2015,BRONX,COMMUNITY ASSOCIATE,ACTIVE,65885,per Annum,1820,63849.43,0,0,3074.25,35.08,FALSE
2025,740,DEPARTMENT OF EDUCATION ADMIN,5/1/2011,MANHATTAN,PROCUREMENT ANALYST,ACTIVE,65977,per Annum,1820,64461.97,0,0,0,35.42,FALSE
2025,740,DEPARTMENT OF EDUCATION ADMIN,3/7/2012,MANHATTAN,COMMUNITY ASSOCIATE,ACTIVE,66357,per Annum,1820,64306.51,58,2533.62,2453.75,35.33,FALSE
2025,740,DEPARTMENT OF EDUCATION ADMIN,9/3/2002,RICHMOND,COMMUNITY ASSOCIATE,ACTIVE,66704,per Annum,1820,64620.44,11,590.46,2881.1,35.51,FALSE
2025,740,DEPARTMENT OF EDUCATION ADMIN,8/20/2003,BROOKLYN,COMMUNITY ASSOCIATE,ACTIVE,66925,per Annum,1820,64197.09,0.5,26.93,2871.85,35.27,FALSE
2025,740,DEPARTMENT OF EDUCATION ADMIN,6/30/2019,MANHATTAN,CUSTOMER INFORMATION REPRESENTATIVE MA L 1549,ACTIVE,67370,per Annum,1820,65288.1,0,0,0,35.87,FALSE
2025,740,DEPARTMENT OF EDUCATION ADMIN,1/24/2022,MANHATTAN,COMMUNITY ASSOCIATE,ACTIVE,67667,per Annum,1820,65325,21.25,1158.7,167.5,35.89,FALSE
2025,740,DEPARTMENT OF EDUCATION ADMIN,4/25/1988,MANHATTAN,CUSTOMER INFORMATION REPRESENTATIVE MA L 1549,ACTIVE,68311,per Annum,1820,65881.22,0,0,5670.93,36.2,FALSE
2025,740,DEPARTMENT OF EDUCATION ADMIN,3/15/2001,BROOKLYN,COMMUNITY ASSOCIATE,ACTIVE,70120,per Annum,1820,67931.42,21.75,784.81,2850.6,37.32,FALSE
2025,740,DEPARTMENT OF EDUCATION ADMIN,7/10/2016,MANHATTAN,SCHOOL FOOD SERVICE MANAGER,ACTIVE,70344,per Annum,1820,67628.98,15.75,443.9,100,37.16,FALSE
2025,740,DEPARTMENT OF EDUCATION ADMIN,8/20/2003,BROOKLYN,COMMUNITY ASSOCIATE,ACTIVE,71119,per Annum,1820,68899.01,7,133.44,3972.35,37.86,FALSE
2025,740,DEPARTMENT OF EDUCATION ADMIN,6/26/2011,MANHATTAN,CUSTOMER INFORMATION REPRESENTATIVE MA L 1549,ACTIVE,71145,per Annum,1820,68947.33,0,0,2180.09,37.88,FALSE
2025,740,DEPARTMENT OF EDUCATION ADMIN,10/16/2006,MANHATTAN,SCHOOL FOOD SERVICE MANAGER,ACTIVE,71416,per Annum,1820,68638.07,0,0,3422.66,37.71,FALSE
2025,740,DEPARTMENT OF EDUCATION ADMIN,11/16/2015,BRONX,SUBSTANCE ABUSE PREVENTION & INTERVENTION SPECIALIST,ACTIVE,71926,per Annum,1820,69493.29,0,0,49.5,38.18,FALSE
2025,740,DEPARTMENT OF EDUCATION ADMIN,4/29/2013,QUEENS,SUBSTANCE ABUSE PREVENTION & INTERVENTION SPECIALIST,ACTIVE,71926,per Annum,1820,69703.87,0,0,0,38.3,FALSE
2025,740,DEPARTMENT OF EDUCATION ADMIN,10/2/2022,BROOKLYN,SUBSTANCE ABUSE PREVENTION & INTERVENTION SPECIALIST,ACTIVE,71926,per Annum,1820,69703.87,7.5,142.98,1500,38.3,FALSE
2025,740,DEPARTMENT OF EDUCATION ADMIN,12/15/2023,MANHATTAN,COMMUNITY COORDINATOR,ACTIVE,72114,per Annum,1820,73923.7,186.25,8718.62,-2016.24,40.62,FALSE
2025,740,DEPARTMENT OF EDUCATION ADMIN,6/21/2015,MANHATTAN,COMMUNITY COORDINATOR,ACTIVE,72114,per Annum,1820,69885.93,0,0,146.83,38.4,FALSE
2025,740,DEPARTMENT OF EDUCATION ADMIN,9/19/2016,MANHATTAN,COMMUNITY COORDINATOR,ACTIVE,72114,per Annum,1820,69868.76,16.75,960.52,0,38.39,FALSE
2025,740,DEPARTMENT OF EDUCATION ADMIN,10/14/2014,QUEENS,COMMUNITY COORDINATOR,ACTIVE,72114,per Annum,1820,69885.93,4.5,258.05,107.25,38.4,FALSE
2025,740,DEPARTMENT OF EDUCATION ADMIN,10/21/2018,MANHATTAN,COMMUNITY COORDINATOR,ACTIVE,72114,per Annum,1820,69885.93,68.5,3894.55,74.25,38.4,FALSE
2025,740,DEPARTMENT OF EDUCATION ADMIN,1/24/2022,MANHATTAN,COMMUNITY COORDINATOR,ACTIVE,72114,per Annum,1820,69885.93,2.5,143.36,8.25,38.4,FALSE